country_code,year,rate,sex,age_range
AUT,2005,63.8,female,15-24
AUT,2006,64.1,female,15-24
AUT,2007,64.4,female,15-24
AUT,2008,65,female,15-24
AUT,2009,64.7,female,15-24
AUT,2010,61.29136713104416,female,15-24
AUT,2011,62.74727452606389,female,15-24
AUT,2012,62.93966296521588,female,15-24
AUT,2013,62.38390746427454,female,15-24
AUT,2014,62.76480044331645,female,15-24
AUT,2015,64.37745503391059,female,15-24
AUT,2016,63.30988244681339,female,15-24
AUT,2017,65.36604147430918,female,15-24
AUT,2018,63.45845815409974,female,15-24
AUT,2019,62.96453946840557,female,15-24
AUT,2020,63.82401258813083,female,15-24
AUT,2021,65.34583321588865,female,15-24
AUT,2022,63.41975048671146,female,15-24
AUT,2023,62.26669232007704,female,15-24
BEL,2005,66.1,female,15-24
BEL,2006,67.6,female,15-24
BEL,2007,68.1,female,15-24
BEL,2008,68.7,female,15-24
BEL,2009,70,female,15-24
BEL,2010,70.33842471386285,female,15-24
BEL,2011,69.40132244139858,female,15-24
BEL,2012,69.98530272536662,female,15-24
BEL,2013,70.32037873984046,female,15-24
BEL,2014,70.99126321900023,female,15-24
BEL,2015,70.6013456423317,female,15-24
BEL,2016,73.8257483825102,female,15-24
BEL,2017,74.76519680469234,female,15-24
BEL,2018,72.26725332202032,female,15-24
BEL,2019,72.22696155267377,female,15-24
BEL,2020,75.68250941685899,female,15-24
BEL,2021,80.80575330536887,female,15-24
BEL,2022,78.51525832843883,female,15-24
BEL,2023,80.673985508732855,female,15-24
CHE,2005,71.2,female,15-24
CHE,2006,70,female,15-24
CHE,2007,73.8,female,15-24
CHE,2008,73.8,female,15-24
CHE,2009,66.6,female,15-24
CHE,2010,42.65838913638984,female,15-24
CHE,2011,44.20244314357561,female,15-24
CHE,2012,44.87023530479993,female,15-24
CHE,2013,43.94834454200499,female,15-24
CHE,2014,45.81599185432174,female,15-24
CHE,2015,45.31260967145337,female,15-24
CHE,2016,44.09461834215966,female,15-24
CHE,2017,46.85024052077883,female,15-24
CHE,2018,47.33137445972698,female,15-24
CHE,2019,50.391545697068,female,15-24
CHE,2020,50.08954604001333,female,15-24
CHE,2021,46.6451519925764,female,15-24
CHE,2022,42.80667809923175,female,15-24
CHE,2023,51.85648131352815,female,15-24
CRI,2005,53.9,female,15-24
CRI,2006,54.5,female,15-24
CRI,2007,54,female,15-24
CRI,2008,55.4,female,15-24
CRI,2009,57.3,female,15-24
CRI,2010,59.41126745680926,female,15-24
CRI,2011,58.9823654821255,female,15-24
CRI,2012,64.43328508815594,female,15-24
CRI,2013,60.75236509651416,female,15-24
CRI,2014,62.35492577597841,female,15-24
CRI,2015,59.05633468029474,female,15-24
CRI,2016,60.84410008008723,female,15-24
CRI,2017,61.5940274896934,female,15-24
CRI,2018,62.0066602354869,female,15-24
CRI,2019,65.71011037871779,female,15-24
CRI,2020,66.16414199513578,female,15-24
CRI,2021,64.84721489282866,female,15-24
CRI,2022,65.76423621297855,female,15-24
CRI,2023,61.44184050057084,female,15-24
DEU,2005,69.9,female,15-24
DEU,2006,69.7,female,15-24
DEU,2007,71.8,female,15-24
DEU,2008,71.6,female,15-24
DEU,2009,72.4,female,15-24
DEU,2010,70.38407243693912,female,15-24
DEU,2011,70.25890571157855,female,15-24
DEU,2012,72.35557454805573,female,15-24
DEU,2013,73.42778774216538,female,15-24
DEU,2014,74.06167201700109,female,15-24
DEU,2015,74.856901010182,female,15-24
DEU,2016,73.77768837052878,female,15-24
DEU,2017,74.71162261435637,female,15-24
DEU,2018,75.01550420062601,female,15-24
DEU,2019,75.61002997618253,female,15-24
DEU,2020,74.36387283992067,female,15-24
DEU,2021,72.50723476919347,female,15-24
DEU,2022,73.99075647809022,female,15-24
DEU,2023,73.25399937393175,female,15-24
DNK,2005,79.3,female,15-24
DNK,2006,80.8,female,15-24
DNK,2007,79.9,female,15-24
DNK,2008,79.9,female,15-24
DNK,2009,82,female,15-24
DNK,2010,82.72428579042341,female,15-24
DNK,2011,82.07850246131513,female,15-24
DNK,2012,82.08160866239542,female,15-24
DNK,2013,83.83311162292631,female,15-24
DNK,2014,83.97493816894003,female,15-24
DNK,2015,82.2892023057784,female,15-24
DNK,2016,81.80884401073592,female,15-24
DNK,2017,78.44226179086424,female,15-24
DNK,2018,75.82895285245218,female,15-24
DNK,2019,77.25156221831388,female,15-24
DNK,2020,76.18513350194384,female,15-24
DNK,2021,77.11698779055435,female,15-24
DNK,2022,76.7602535296277,female,15-24
DNK,2023,76.92067728775194,female,15-24
ESP,2005,62.4,female,15-24
ESP,2006,64,female,15-24
ESP,2007,65.5,female,15-24
ESP,2008,66.2,female,15-24
ESP,2009,66.5,female,15-24
ESP,2010,63.9401054456241,female,15-24
ESP,2011,64.92766925151359,female,15-24
ESP,2012,67.52257925105751,female,15-24
ESP,2013,69.07041050105671,female,15-24
ESP,2014,71.08626304430278,female,15-24
ESP,2015,71.35699591490946,female,15-24
ESP,2016,72.25853477862242,female,15-24
ESP,2017,72.01517543284113,female,15-24
ESP,2018,73.11721300145607,female,15-24
ESP,2019,73.77406495654027,female,15-24
ESP,2020,74.65745235014286,female,15-24
ESP,2021,78.24537991187232,female,15-24
ESP,2022,76.29590038944785,female,15-24
ESP,2023,77.02609632382631,female,15-24
FIN,2005,75.3,female,15-24
FIN,2006,74,female,15-24
FIN,2007,74.7,female,15-24
FIN,2008,74.3,female,15-24
FIN,2009,76,female,15-24
FIN,2010,77.7296238226596,female,15-24
FIN,2011,75.27711221527377,female,15-24
FIN,2012,75.7368041907439,female,15-24
FIN,2013,74.15802446337604,female,15-24
FIN,2014,75.2667597480601,female,15-24
FIN,2015,71.50397336283662,female,15-24
FIN,2016,73.86339426041097,female,15-24
FIN,2017,74.21249762533984,female,15-24
FIN,2018,73.69955751417486,female,15-24
FIN,2019,77.40420747540607,female,15-24
FIN,2020,74.47886929958464,female,15-24
FIN,2021,79.56727195745457,female,15-24
FIN,2022,77.14084175365005,female,15-24
FIN,2023,76.04727138438365,female,15-24
GBR,2005,62.9,female,15-24
GBR,2006,62.4,female,15-24
GBR,2007,62,female,15-24
GBR,2008,58.6,female,15-24
GBR,2009,59.4,female,15-24
GBR,2010,53.57669861992298,female,15-24
GBR,2011,53.64612289641142,female,15-24
GBR,2012,53.61093468166423,female,15-24
GBR,2013,54.51894957698017,female,15-24
GBR,2014,54.03771699873351,female,15-24
GBR,2015,53.9650036766955,female,15-24
GBR,2016,53.42498182631297,female,15-24
GBR,2017,54.30989544777686,female,15-24
GBR,2018,53.64704946100503,female,15-24
GBR,2019,54.87452495188728,female,15-24
GBR,2020,56.65987300389275,female,15-24
GBR,2021,59.74108051579158,female,15-24
GBR,2022,57.42337352516424,female,15-24
GBR,2023,58.29547960725839,female,15-24
HUN,2005,62.8,female,15-24
HUN,2006,70.4,female,15-24
HUN,2007,71.8,female,15-24
HUN,2008,72,female,15-24
HUN,2009,71.2,female,15-24
HUN,2010,72.32452728105169,female,15-24
HUN,2011,71.58240784781196,female,15-24
HUN,2012,69.31714334788596,female,15-24
HUN,2013,67.49046336773547,female,15-24
HUN,2014,66.48127878874408,female,15-24
HUN,2015,67.8464221458312,female,15-24
HUN,2016,67.2383325417282,female,15-24
HUN,2017,65.04370022192894,female,15-24
HUN,2018,66.08633418957588,female,15-24
HUN,2019,67.12189291212805,female,15-24
HUN,2020,66.82304329586975,female,15-24
HUN,2021,67.62094693266056,female,15-24
HUN,2022,69.14541121636388,female,15-24
HUN,2023,70.40066004451191,female,15-24
IRL,2005,58.1,female,15-24
IRL,2006,59.7,female,15-24
IRL,2007,50.2,female,15-24
IRL,2008,50.1,female,15-24
IRL,2009,52.4,female,15-24
IRL,2010,55.72045999751283,female,15-24
IRL,2011,58.75135779096428,female,15-24
IRL,2012,60.3619836134321,female,15-24
IRL,2013,61.87339032812736,female,15-24
IRL,2014,61.7971850032905,female,15-24
IRL,2015,62.70352808974931,female,15-24
IRL,2016,61.1731760369991,female,15-24
IRL,2017,66.48562274109312,female,15-24
IRL,2018,68.94886685851057,female,15-24
IRL,2019,70.2859295188305,female,15-24
IRL,2020,70.29782842708607,female,15-24
IRL,2021,75.22319338867747,female,15-24
IRL,2022,72.64120524141346,female,15-24
IRL,2023,75.77011316657811,female,15-24
ISL,2005,71.1,female,15-24
ISL,2006,68.9,female,15-24
ISL,2007,71.1,female,15-24
ISL,2008,65.3,female,15-24
ISL,2009,69.9,female,15-24
ISL,2010,72.73221347551203,female,15-24
ISL,2011,72.78181773819422,female,15-24
ISL,2012,76.25961630077003,female,15-24
ISL,2013,71.23454226846128,female,15-24
ISL,2014,71.58371750715996,female,15-24
ISL,2015,75.36916088564023,female,15-24
ISL,2016,68.0260851981284,female,15-24
ISL,2017,69.6347762894462,female,15-24
ISL,2018,67.15694877771726,female,15-24
ISL,2019,72.3662177220708,female,15-24
ISL,2020,72.83136723059442,female,15-24
ISL,2021,77.25223960894722,female,15-24
ISL,2022,72.12802252385858,female,15-24
ISL,2023,71.33191786895918,female,15-24
ITA,2005,63.7,female,15-24
ITA,2006,65.5,female,15-24
ITA,2007,67.1,female,15-24
ITA,2008,66.8,female,15-24
ITA,2009,68.1,female,15-24
ITA,2010,67.69373939458208,female,15-24
ITA,2011,67.36810563852391,female,15-24
ITA,2012,66.85601882512246,female,15-24
ITA,2013,66.98871849441667,female,15-24
ITA,2014,68.01770220303163,female,15-24
ITA,2015,68.78544229953643,female,15-24
ITA,2016,69.27417430180809,female,15-24
ITA,2017,69.1555507955892,female,15-24
ITA,2018,69.1244262454742,female,15-24
ITA,2019,69.97683673277189,female,15-24
ITA,2020,70.89709287537612,female,15-24
ITA,2021,69.9355205862229,female,15-24
ITA,2022,72.72420334753711,female,15-24
ITA,2023,76.43013928547644,female,15-24
LTU,2005,77.5,female,15-24
LTU,2006,75.5,female,15-24
LTU,2007,78.3,female,15-24
LTU,2008,77.8,female,15-24
LTU,2009,76.9,female,15-24
LTU,2010,76.78053757393634,female,15-24
LTU,2011,79.86398236094125,female,15-24
LTU,2012,78.36449455757052,female,15-24
LTU,2013,76.29947639221993,female,15-24
LTU,2014,75.07748713779223,female,15-24
LTU,2015,74.96415966425278,female,15-24
LTU,2016,75.0456570898278,female,15-24
LTU,2017,74.98131826141547,female,15-24
LTU,2018,76.08485434236509,female,15-24
LTU,2019,75.03104209367285,female,15-24
LTU,2020,76.47508383981616,female,15-24
LTU,2021,70.2287197659999,female,15-24
LTU,2022,72.05881914617545,female,15-24
LTU,2023,70.02304806352234,female,15-24
LUX,2005,75,female,15-24
LUX,2006,74,female,15-24
LUX,2007,77.7,female,15-24
LUX,2008,75.7,female,15-24
LUX,2009,79,female,15-24
LUX,2010,81.07353414310464,female,15-24
LUX,2011,84.21091433960409,female,15-24
LUX,2012,83.64267251529132,female,15-24
LUX,2013,84.84984370695315,female,15-24
LUX,2014,85.14257642955434,female,15-24
LUX,2015,80.1371127243185,female,15-24
LUX,2016,80.10290834184508,female,15-24
LUX,2017,80.39758181038299,female,15-24
LUX,2018,77.53461523643138,female,15-24
LUX,2019,83.5567941650605,female,15-24
LUX,2020,81.98017508655128,female,15-24
LUX,2021,77.2370473280502,female,15-24
LUX,2022,74.90639347070012,female,15-24
LUX,2023,74.89822110695353,female,15-24
LVA,2005,71.6,female,15-24
LVA,2006,68.7,female,15-24
LVA,2007,67.7,female,15-24
LVA,2008,68.9,female,15-24
LVA,2009,69.6,female,15-24
LVA,2010,68.49600593885235,female,15-24
LVA,2011,69.69591292259997,female,15-24
LVA,2012,70.27173234356225,female,15-24
LVA,2013,69.92335150441825,female,15-24
LVA,2014,69.46840635055447,female,15-24
LVA,2015,68.90100680664817,female,15-24
LVA,2016,71.2901841909339,female,15-24
LVA,2017,71.14963794289204,female,15-24
LVA,2018,73.61120308865861,female,15-24
LVA,2019,73.4774305336233,female,15-24
LVA,2020,78.80922486094518,female,15-24
LVA,2021,74.87427036012151,female,15-24
LVA,2022,80.45163277020542,female,15-24
LVA,2023,80.38637614100253,female,15-24
MEX,2005,42,female,15-24
MEX,2006,42.3,female,15-24
MEX,2007,42.9,female,15-24
MEX,2008,42.7,female,15-24
MEX,2009,44.5,female,15-24
MEX,2010,44.16079068998799,female,15-24
MEX,2011,44.68382134409976,female,15-24
MEX,2012,45.15280196612451,female,15-24
MEX,2013,46.54565223385035,female,15-24
MEX,2014,47.00234187378044,female,15-24
MEX,2015,47.98189548432787,female,15-24
MEX,2016,48.30214577508101,female,15-24
MEX,2017,49.47337015320147,female,15-24
MEX,2018,50.70911740991087,female,15-24
MEX,2019,50.77187640991468,female,15-24
MEX,2020,51.41312952707718,female,15-24
MEX,2021,52.40983387963652,female,15-24
MEX,2022,52.91828871359414,female,15-24
MEX,2023,53.1294605445637,female,15-24
NLD,2005,75.2,female,15-24
NLD,2006,76.3,female,15-24
NLD,2007,77.1,female,15-24
NLD,2008,77.8,female,15-24
NLD,2009,78.1,female,15-24
NLD,2010,79.06653688730773,female,15-24
NLD,2011,79.36878322553925,female,15-24
NLD,2012,78.89808134761283,female,15-24
NLD,2013,78.2599601684246,female,15-24
NLD,2014,78.08438160915769,female,15-24
NLD,2015,80.45113824813195,female,15-24
NLD,2016,79.95164446983192,female,15-24
NLD,2017,81.89160748269497,female,15-24
NLD,2018,80.29414905951955,female,15-24
NLD,2019,81.16183679425203,female,15-24
NLD,2020,80.57186378478194,female,15-24
NLD,2021,82.31979763371187,female,15-24
NLD,2022,79.42034124034016,female,15-24
NLD,2023,79.01941356152469,female,15-24
NOR,2005,63.2,female,15-24
NOR,2006,73.3,female,15-24
NOR,2007,74.1,female,15-24
NOR,2008,74.1,female,15-24
NOR,2009,74.8,female,15-24
NOR,2010,73.65290430501938,female,15-24
NOR,2011,76.05183094813754,female,15-24
NOR,2012,74.35817295419803,female,15-24
NOR,2013,75.83916160452398,female,15-24
NOR,2014,74.77658229062072,female,15-24
NOR,2015,77.02529448243027,female,15-24
NOR,2016,75.1974776694139,female,15-24
NOR,2017,77.4834977776001,female,15-24
NOR,2018,78.22699240541864,female,15-24
NOR,2019,77.46611634231368,female,15-24
NOR,2020,77.52223893948737,female,15-24
NOR,2021,76.98557993988906,female,15-24
NOR,2022,79.64268183844993,female,15-24
NOR,2023,80.56347504771786,female,15-24
PRT,2005,61.9,female,15-24
PRT,2006,61.7,female,15-24
PRT,2007,60.9,female,15-24
PRT,2008,62.9,female,15-24
PRT,2009,63.9,female,15-24
PRT,2010,65.36367996127788,female,15-24
PRT,2011,68.93743937684714,female,15-24
PRT,2012,71.0740836596187,female,15-24
PRT,2013,70.9916243881642,female,15-24
PRT,2014,71.16820582987911,female,15-24
PRT,2015,72.01203017766457,female,15-24
PRT,2016,73.9002939897178,female,15-24
PRT,2017,73.19223538714262,female,15-24
PRT,2018,73.53022089210428,female,15-24
PRT,2019,72.96585214353425,female,15-24
PRT,2020,75.83518746668882,female,15-24
PRT,2021,79.47547593479493,female,15-24
PRT,2022,76.61223292011417,female,15-24
PRT,2023,74.27169092321549,female,15-24
ROU,2005,59,female,15-24
ROU,2006,61,female,15-24
ROU,2007,62.2,female,15-24
ROU,2008,63.2,female,15-24
ROU,2009,60.9,female,15-24
ROU,2010,62.69849428716235,female,15-24
ROU,2011,63.86633342395542,female,15-24
ROU,2012,63.66709495023054,female,15-24
ROU,2013,64.77226255610314,female,15-24
ROU,2014,64.69959256766208,female,15-24
ROU,2015,60.79128605499099,female,15-24
ROU,2016,63.40853643142344,female,15-24
ROU,2017,62.99981964043856,female,15-24
ROU,2018,63.864542951301416,female,15-24
ROU,2019,64.58864792658001,female,15-24
ROU,2020,63.99397327627021,female,15-24
ROU,2021,64.79894039882895,female,15-24
ROU,2022,67.26865163710437,female,15-24
ROU,2023,69.20847345467072,female,15-24
SVN,2005,77.2,female,15-24
SVN,2006,80.1,female,15-24
SVN,2007,81.7,female,15-24
SVN,2008,82.6,female,15-24
SVN,2009,83.4,female,15-24
SVN,2010,85.29069279931045,female,15-24
SVN,2011,87.77977124552,female,15-24
SVN,2012,84.89816380822181,female,15-24
SVN,2013,85.35900094239788,female,15-24
SVN,2014,84.36944249738974,female,15-24
SVN,2015,81.16964955320223,female,15-24
SVN,2016,84.57549866239069,female,15-24
SVN,2017,84.69004252181954,female,15-24
SVN,2018,82.76972241626773,female,15-24
SVN,2019,79.09442780245222,female,15-24
SVN,2020,79.52787609659401,female,15-24
SVN,2021,84.49705127785876,female,15-24
SVN,2022,82.2461294148454,female,15-24
SVN,2023,81.83213175658209,female,15-24
SWE,2005,62.6,female,15-24
SWE,2006,70.2,female,15-24
SWE,2007,71.5,female,15-24
SWE,2008,72,female,15-24
SWE,2009,72.3,female,15-24
SWE,2010,75.27024409309463,female,15-24
SWE,2011,73.472923861278,female,15-24
SWE,2012,73.8202390308286,female,15-24
SWE,2013,74.27078486098603,female,15-24
SWE,2014,74.18695882429093,female,15-24
SWE,2015,74.29509318831515,female,15-24
SWE,2016,74.7314428608864,female,15-24
SWE,2017,74.86015876135828,female,15-24
SWE,2018,75.8637180181121,female,15-24
SWE,2019,79.7183133141223,female,15-24
SWE,2020,78.54998329787502,female,15-24
SWE,2021,80.3581604346711,female,15-24
SWE,2022,79.9081207168148,female,15-24
SWE,2023,80.25993596332222,female,15-24
USA,2005,53.8,female,15-24
USA,2006,54.6,female,15-24
USA,2007,55.7,female,15-24
USA,2008,56.6,female,15-24
USA,2009,57.2,female,15-24
USA,2010,58.27841105961173,female,15-24
USA,2011,58.92341556772354,female,15-24
USA,2012,59.05782792884288,female,15-24
USA,2013,56.989068724187,female,15-24
USA,2014,56.71953439992172,female,15-24
USA,2015,56.98332942033198,female,15-24
USA,2016,57.42067952566505,female,15-24
USA,2017,57.89688800944977,female,15-24
USA,2018,58.07291436403587,female,15-24
USA,2019,57.87494600936536,female,15-24
USA,2020,57.61636908605499,female,15-24
USA,2021,57.01345873467179,female,15-24
USA,2022,57.5235264625358,female,15-24
USA,2023,56.33761940300302,female,15-24
AUT,2005,62.4,male,15-24
AUT,2006,62.7,male,15-24
AUT,2007,63,male,15-24
AUT,2008,61.7,male,15-24
AUT,2009,64,male,15-24
AUT,2010,56.47390820910265,male,15-24
AUT,2011,56.19670613679045,male,15-24
AUT,2012,56.79564701481412,male,15-24
AUT,2013,57.39361799344069,male,15-24
AUT,2014,58.27539688314578,male,15-24
AUT,2015,56.7211434356635,male,15-24
AUT,2016,57.20332441637787,male,15-24
AUT,2017,58.65915195160972,male,15-24
AUT,2018,56.45709086140547,male,15-24
AUT,2019,56.00388038784963,male,15-24
AUT,2020,56.92374102578027,male,15-24
AUT,2021,55.2316670055514,male,15-24
AUT,2022,55.28378349223703,male,15-24
AUT,2023,55.5630127719344,male,15-24
BEL,2005,63,male,15-24
BEL,2006,64.1,male,15-24
BEL,2007,64.6,male,15-24
BEL,2008,65.9,male,15-24
BEL,2009,66.9,male,15-24
BEL,2010,66.78204895622913,male,15-24
BEL,2011,65.46325554505734,male,15-24
BEL,2012,63.65498900700258,male,15-24
BEL,2013,65.15634448726651,male,15-24
BEL,2014,66.74739568716194,male,15-24
BEL,2015,66.50517075511159,male,15-24
BEL,2016,69.72419330346754,male,15-24
BEL,2017,69.84536058169903,male,15-24
BEL,2018,68.50221438072465,male,15-24
BEL,2019,69.14408508480615,male,15-24
BEL,2020,69.51386510862557,male,15-24
BEL,2021,74.20517821734643,male,15-24
BEL,2022,73.29786159440032,male,15-24
BEL,2023,75.2162482753452,male,15-24
CHE,2005,70.3,male,15-24
CHE,2006,66.6,male,15-24
CHE,2007,69.8,male,15-24
CHE,2008,70.3,male,15-24
CHE,2009,67.7,male,15-24
CHE,2010,37.5191131769815,male,15-24
CHE,2011,35.97647076883376,male,15-24
CHE,2012,37.24845203040971,male,15-24
CHE,2013,36.9662369260406,male,15-24
CHE,2014,37.38208348664516,male,15-24
CHE,2015,39.73811361862133,male,15-24
CHE,2016,39.20465553423985,male,15-24
CHE,2017,38.58051221448581,male,15-24
CHE,2018,38.62467759995338,male,15-24
CHE,2019,40.54130704029996,male,15-24
CHE,2020,40.71328470596444,male,15-24
CHE,2021,39.32331089025867,male,15-24
CHE,2022,36.13919307380901,male,15-24
CHE,2023,42.00547873969705,male,15-24
CRI,2005,50.6,male,15-24
CRI,2006,49,male,15-24
CRI,2007,47.8,male,15-24
CRI,2008,50.2,male,15-24
CRI,2009,52.5,male,15-24
CRI,2010,53.60462346416971,male,15-24
CRI,2011,53.29591666297385,male,15-24
CRI,2012,57.2866977204818,male,15-24
CRI,2013,57.14267546633992,male,15-24
CRI,2014,55.54533000885885,male,15-24
CRI,2015,57.76454506924428,male,15-24
CRI,2016,54.22389891906489,male,15-24
CRI,2017,54.76726848909392,male,15-24
CRI,2018,54.07381108494,male,15-24
CRI,2019,60.15147976970429,male,15-24
CRI,2020,60.84124187374687,male,15-24
CRI,2021,60.3993712475853,male,15-24
CRI,2022,61.03153668386283,male,15-24
CRI,2023,55.37966404352069,male,15-24
DEU,2005,69.7,male,15-24
DEU,2006,70.8,male,15-24
DEU,2007,70.8,male,15-24
DEU,2008,70.2,male,15-24
DEU,2009,72.9,male,15-24
DEU,2010,70.34034184391184,male,15-24
DEU,2011,69.26328612103777,male,15-24
DEU,2012,71.10915329202237,male,15-24
DEU,2013,73.06815850648925,male,15-24
DEU,2014,73.67110203268385,male,15-24
DEU,2015,74.77198922510065,male,15-24
DEU,2016,73.61664832481574,male,15-24
DEU,2017,73.9316561864448,male,15-24
DEU,2018,73.20695797740306,male,15-24
DEU,2019,73.08437227332564,male,15-24
DEU,2020,72.79082485253416,male,15-24
DEU,2021,69.45592887956973,male,15-24
DEU,2022,70.95873135540502,male,15-24
DEU,2023,68.8841489451544,male,15-24
DNK,2005,76,male,15-24
DNK,2006,76.1,male,15-24
DNK,2007,72.9,male,15-24
DNK,2008,76.2,male,15-24
DNK,2009,77.1,male,15-24
DNK,2010,78.04004695149565,male,15-24
DNK,2011,77.81654529556667,male,15-24
DNK,2012,78.34017919185207,male,15-24
DNK,2013,79.64194425612948,male,15-24
DNK,2014,80.15921350226546,male,15-24
DNK,2015,78.35023922996446,male,15-24
DNK,2016,78.97491039899145,male,15-24
DNK,2017,75.98772600872007,male,15-24
DNK,2018,72.96640589149558,male,15-24
DNK,2019,73.30608689724806,male,15-24
DNK,2020,73.1699868527548,male,15-24
DNK,2021,73.9900491105772,male,15-24
DNK,2022,75.73412760196784,male,15-24
DNK,2023,75.41413272612445,male,15-24
ESP,2005,54.4,male,15-24
ESP,2006,56.3,male,15-24
ESP,2007,57.2,male,15-24
ESP,2008,57.5,male,15-24
ESP,2009,59.5,male,15-24
ESP,2010,58.27119120684763,male,15-24
ESP,2011,60.76335149134736,male,15-24
ESP,2012,63.27037699931529,male,15-24
ESP,2013,64.7411513703584,male,15-24
ESP,2014,65.86701393739999,male,15-24
ESP,2015,66.2724304123989,male,15-24
ESP,2016,67.43650851935924,male,15-24
ESP,2017,67.7269963532581,male,15-24
ESP,2018,67.83138844608119,male,15-24
ESP,2019,66.89570971658468,male,15-24
ESP,2020,67.51289187130779,male,15-24
ESP,2021,70.37254812923798,male,15-24
ESP,2022,70.38492988915792,male,15-24
ESP,2023,71.06848278281326,male,15-24
FIN,2005,71.4,male,15-24
FIN,2006,72.2,male,15-24
FIN,2007,71.8,male,15-24
FIN,2008,68,male,15-24
FIN,2009,69.6,male,15-24
FIN,2010,71.41265840293084,male,15-24
FIN,2011,71.86478964563486,male,15-24
FIN,2012,72.00095467937977,male,15-24
FIN,2013,68.64526844430023,male,15-24
FIN,2014,68.59868071246822,male,15-24
FIN,2015,68.65118359227696,male,15-24
FIN,2016,69.22997968820052,male,15-24
FIN,2017,70.57882494904315,male,15-24
FIN,2018,71.43613838187821,male,15-24
FIN,2019,72.05814591845578,male,15-24
FIN,2020,69.99847903005626,male,15-24
FIN,2021,71.5088908680355,male,15-24
FIN,2022,71.15841244292663,male,15-24
FIN,2023,71.19470853583714,male,15-24
GBR,2005,60.3,male,15-24
GBR,2006,59.6,male,15-24
GBR,2007,60.3,male,15-24
GBR,2008,57,male,15-24
GBR,2009,59.2,male,15-24
GBR,2010,52.09095899364706,male,15-24
GBR,2011,51.21460584193993,male,15-24
GBR,2012,52.28185465811281,male,15-24
GBR,2013,52.44096548496291,male,15-24
GBR,2014,52.77081021955225,male,15-24
GBR,2015,52.17104441044301,male,15-24
GBR,2016,52.25636488429258,male,15-24
GBR,2017,51.51114738163526,male,15-24
GBR,2018,51.80248407646553,male,15-24
GBR,2019,51.66574166678285,male,15-24
GBR,2020,52.39960257504001,male,15-24
GBR,2021,54.9468337959995,male,15-24
GBR,2022,54.60005677832142,male,15-24
GBR,2023,54.02140929968067,male,15-24
HUN,2005,61,male,15-24
HUN,2006,66.5,male,15-24
HUN,2007,67.5,male,15-24
HUN,2008,68.3,male,15-24
HUN,2009,68.8,male,15-24
HUN,2010,69.68866632811856,male,15-24
HUN,2011,69.39311600753145,male,15-24
HUN,2012,68.1710277746006,male,15-24
HUN,2013,65.56335275473076,male,15-24
HUN,2014,63.75739511630072,male,15-24
HUN,2015,65.68012031289672,male,15-24
HUN,2016,64.10480808703034,male,15-24
HUN,2017,63.11337499934622,male,15-24
HUN,2018,62.9648559094212,male,15-24
HUN,2019,62.13242515908333,male,15-24
HUN,2020,63.00292902390857,male,15-24
HUN,2021,65.0717889071394,male,15-24
HUN,2022,66.19552906011037,male,15-24
HUN,2023,66.05399782232398,male,15-24
IRL,2005,56.1,male,15-24
IRL,2006,54.5,male,15-24
IRL,2007,43.7,male,15-24
IRL,2008,45.5,male,15-24
IRL,2009,49.6,male,15-24
IRL,2010,53.42246749155017,male,15-24
IRL,2011,55.33896823958351,male,15-24
IRL,2012,57.29926236491654,male,15-24
IRL,2013,58.7231970238987,male,15-24
IRL,2014,60.17825637751,male,15-24
IRL,2015,58.06581023911234,male,15-24
IRL,2016,58.85711667098279,male,15-24
IRL,2017,63.72420583584358,male,15-24
IRL,2018,66.73219037788368,male,15-24
IRL,2019,68.01863548694456,male,15-24
IRL,2020,68.10719019755315,male,15-24
IRL,2021,71.67982498061457,male,15-24
IRL,2022,73.48850527123506,male,15-24
IRL,2023,72.99705982158743,male,15-24
ISL,2005,61.9,male,15-24
ISL,2006,65.1,male,15-24
ISL,2007,65.9,male,15-24
ISL,2008,63.1,male,15-24
ISL,2009,65.2,male,15-24
ISL,2010,66.47277707990065,male,15-24
ISL,2011,66.18181578502376,male,15-24
ISL,2012,68.11646840415189,male,15-24
ISL,2013,66.99136405597017,male,15-24
ISL,2014,67.16922867160406,male,15-24
ISL,2015,65.97672009242757,male,15-24
ISL,2016,61.59233981928585,male,15-24
ISL,2017,60.36552178338111,male,15-24
ISL,2018,59.09439289262269,male,15-24
ISL,2019,61.65783101558916,male,15-24
ISL,2020,68.18152828413898,male,15-24
ISL,2021,69.3614956259447,male,15-24
ISL,2022,62.90453704873298,male,15-24
ISL,2023,59.86793168321737,male,15-24
ITA,2005,57,male,15-24
ITA,2006,57.5,male,15-24
ITA,2007,59,male,15-24
ITA,2008,59.4,male,15-24
ITA,2009,60.1,male,15-24
ITA,2010,59.70591067306894,male,15-24
ITA,2011,60.2111235622242,male,15-24
ITA,2012,60.00483072377156,male,15-24
ITA,2013,60.67940497413042,male,15-24
ITA,2014,61.16063064467948,male,15-24
ITA,2015,61.57599075409287,male,15-24
ITA,2016,63.23049137444185,male,15-24
ITA,2017,62.24901755110665,male,15-24
ITA,2018,62.77844170632375,male,15-24
ITA,2019,63.14745013837293,male,15-24
ITA,2020,62.7671554860796,male,15-24
ITA,2021,62.59384331619755,male,15-24
ITA,2022,64.60115308004319,male,15-24
ITA,2023,67.17088195307646,male,15-24
LTU,2005,71.1,male,15-24
LTU,2006,70.9,male,15-24
LTU,2007,71.3,male,15-24
LTU,2008,70.7,male,15-24
LTU,2009,71.5,male,15-24
LTU,2010,71.97584868567799,male,15-24
LTU,2011,72.14738751749502,male,15-24
LTU,2012,70.87464183171761,male,15-24
LTU,2013,68.92461356422433,male,15-24
LTU,2014,68.07140430800965,male,15-24
LTU,2015,67.81900626725009,male,15-24
LTU,2016,68.17119572273475,male,15-24
LTU,2017,69.45159241506008,male,15-24
LTU,2018,69.57677105406303,male,15-24
LTU,2019,68.94499227738949,male,15-24
LTU,2020,66.59030590072335,male,15-24
LTU,2021,63.7685219962297,male,15-24
LTU,2022,68.1059956870808,male,15-24
LTU,2023,66.87943518322102,male,15-24
LUX,2005,72.1,male,15-24
LUX,2006,73.1,male,15-24
LUX,2007,74.7,male,15-24
LUX,2008,75.5,male,15-24
LUX,2009,76.1,male,15-24
LUX,2010,78.9347456313748,male,15-24
LUX,2011,82.27339360388899,male,15-24
LUX,2012,78.17725116286302,male,15-24
LUX,2013,78.67133487946266,male,15-24
LUX,2014,79.94852738925343,male,15-24
LUX,2015,76.9513272268126,male,15-24
LUX,2016,82.74972981565298,male,15-24
LUX,2017,79.19722088954173,male,15-24
LUX,2018,81.82618770631682,male,15-24
LUX,2019,78.1857170516308,male,15-24
LUX,2020,78.90746656216629,male,15-24
LUX,2021,70.56457292070897,male,15-24
LUX,2022,71.5746323042634,male,15-24
LUX,2023,73.34906814601976,male,15-24
LVA,2005,64.5,male,15-24
LVA,2006,59.1,male,15-24
LVA,2007,59.1,male,15-24
LVA,2008,59,male,15-24
LVA,2009,59.3,male,15-24
LVA,2010,61.33318687744088,male,15-24
LVA,2011,64.1977241587736,male,15-24
LVA,2012,60.60926342055245,male,15-24
LVA,2013,62.60194628892386,male,15-24
LVA,2014,61.52963129138753,male,15-24
LVA,2015,61.29263162362935,male,15-24
LVA,2016,62.01550725847736,male,15-24
LVA,2017,62.43620483339956,male,15-24
LVA,2018,65.2442422519663,male,15-24
LVA,2019,67.45104910725253,male,15-24
LVA,2020,66.60436041931838,male,15-24
LVA,2021,70.55610035730781,male,15-24
LVA,2022,65.58489385265139,male,15-24
LVA,2023,72.65912520709786,male,15-24
MEX,2005,44.4,male,15-24
MEX,2006,44.2,male,15-24
MEX,2007,44.8,male,15-24
MEX,2008,44.7,male,15-24
MEX,2009,45.6,male,15-24
MEX,2010,44.70178185580927,male,15-24
MEX,2011,45.81378217866892,male,15-24
MEX,2012,46.96562918837508,male,15-24
MEX,2013,47.81621514567754,male,15-24
MEX,2014,48.30403000654127,male,15-24
MEX,2015,49.53057537014752,male,15-24
MEX,2016,49.83328193519851,male,15-24
MEX,2017,50.81548754569945,male,15-24
MEX,2018,50.80074225187364,male,15-24
MEX,2019,49.76305695501664,male,15-24
MEX,2020,51.92130008192029,male,15-24
MEX,2021,50.06606502257402,male,15-24
MEX,2022,49.18118171980159,male,15-24
MEX,2023,50.05289238589003,male,15-24
NLD,2005,73.1,male,15-24
NLD,2006,75,male,15-24
NLD,2007,76,male,15-24
NLD,2008,76.1,male,15-24
NLD,2009,76.7,male,15-24
NLD,2010,77.26418847604486,male,15-24
NLD,2011,78.4954432356726,male,15-24
NLD,2012,78.79904230323186,male,15-24
NLD,2013,77.04053933057166,male,15-24
NLD,2014,78.3908775651364,male,15-24
NLD,2015,79.91272429978369,male,15-24
NLD,2016,79.45354588286769,male,15-24
NLD,2017,79.56742111271947,male,15-24
NLD,2018,79.1876094431108,male,15-24
NLD,2019,78.765916923875,male,15-24
NLD,2020,78.31773198031355,male,15-24
NLD,2021,81.05611976158741,male,15-24
NLD,2022,78.369727965793,male,15-24
NLD,2023,76.06540473634956,male,15-24
NOR,2005,58.5,male,15-24
NOR,2006,68.2,male,15-24
NOR,2007,68.6,male,15-24
NOR,2008,70.4,male,15-24
NOR,2009,70,male,15-24
NOR,2010,70.19601988664722,male,15-24
NOR,2011,70.3227859600574,male,15-24
NOR,2012,70.02270131136767,male,15-24
NOR,2013,72.49834992514258,male,15-24
NOR,2014,70.92873903484657,male,15-24
NOR,2015,71.60443312874001,male,15-24
NOR,2016,72.79388659548184,male,15-24
NOR,2017,72.70405830571788,male,15-24
NOR,2018,72.02519941521898,male,15-24
NOR,2019,71.42012172879178,male,15-24
NOR,2020,72.21877267897825,male,15-24
NOR,2021,73.0778287877011,male,15-24
NOR,2022,72.61233068094653,male,15-24
NOR,2023,73.78792975218448,male,15-24
PRT,2005,54,male,15-24
PRT,2006,54.2,male,15-24
PRT,2007,55.4,male,15-24
PRT,2008,57.2,male,15-24
PRT,2009,61.2,male,15-24
PRT,2010,62.8506707157536,male,15-24
PRT,2011,65.5507015943887,male,15-24
PRT,2012,66.27059087670055,male,15-24
PRT,2013,67.65692022210709,male,15-24
PRT,2014,69.70546936044778,male,15-24
PRT,2015,70.88133225672935,male,15-24
PRT,2016,69.35151580481791,male,15-24
PRT,2017,69.07012893955965,male,15-24
PRT,2018,68.99348957080113,male,15-24
PRT,2019,68.89873752060403,male,15-24
PRT,2020,69.68561611951388,male,15-24
PRT,2021,73.60205348720122,male,15-24
PRT,2022,72.97681120626126,male,15-24
PRT,2023,68.22324658477494,male,15-24
ROU,2005,53.9,male,15-24
ROU,2006,55.8,male,15-24
ROU,2007,54.7,male,15-24
ROU,2008,55,male,15-24
ROU,2009,55.4,male,15-24
ROU,2010,59.29854875028061,male,15-24
ROU,2011,59.00359132500799,male,15-24
ROU,2012,59.1179103339282,male,15-24
ROU,2013,59.54483570962565,male,15-24
ROU,2014,59.58204862090657,male,15-24
ROU,2015,57.07495013781855,male,15-24
ROU,2016,60.40767978959074,male,15-24
ROU,2017,61.34509044538204,male,15-24
ROU,2018,61.34133596222065,male,15-24
ROU,2019,60.42521205329309,male,15-24
ROU,2020,60.91926052533375,male,15-24
ROU,2021,62.14961964212902,male,15-24
ROU,2022,63.92172617201027,male,15-24
ROU,2023,65.289637955475,male,15-24
SVN,2005,71.4,male,15-24
SVN,2006,69.8,male,15-24
SVN,2007,69.5,male,15-24
SVN,2008,69.7,male,15-24
SVN,2009,72.4,male,15-24
SVN,2010,74.82055713407766,male,15-24
SVN,2011,75.32094374217331,male,15-24
SVN,2012,75.02589055142467,male,15-24
SVN,2013,76.18169752450515,male,15-24
SVN,2014,75.45536518779423,male,15-24
SVN,2015,73.73820791349058,male,15-24
SVN,2016,73.4628174484363,male,15-24
SVN,2017,72.27066026369324,male,15-24
SVN,2018,71.66148658637803,male,15-24
SVN,2019,71.09382386407225,male,15-24
SVN,2020,74.02410491414797,male,15-24
SVN,2021,75.41800703386401,male,15-24
SVN,2022,75.127489904103,male,15-24
SVN,2023,72.11938206268637,male,15-24
SWE,2005,58.6,male,15-24
SWE,2006,65.2,male,15-24
SWE,2007,65.8,male,15-24
SWE,2008,66.6,male,15-24
SWE,2009,67.3,male,15-24
SWE,2010,69.22782221821292,male,15-24
SWE,2011,67.65930614477669,male,15-24
SWE,2012,69.07471214927824,male,15-24
SWE,2013,68.55566675610648,male,15-24
SWE,2014,68.19881715795371,male,15-24
SWE,2015,68.73830830378398,male,15-24
SWE,2016,67.94354172561975,male,15-24
SWE,2017,68.55739719058157,male,15-24
SWE,2018,69.39967652782417,male,15-24
SWE,2019,72.57378303665834,male,15-24
SWE,2020,72.71465350815534,male,15-24
SWE,2021,74.71622379308226,male,15-24
SWE,2022,71.93326745742544,male,15-24
SWE,2023,73.96355574394639,male,15-24
USA,2005,51.6,male,15-24
USA,2006,51.5,male,15-24
USA,2007,52.6,male,15-24
USA,2008,53,male,15-24
USA,2009,54.2,male,15-24
USA,2010,55.14214580794985,male,15-24
USA,2011,55.57768819535613,male,15-24
USA,2012,55.94744933372936,male,15-24
USA,2013,53.82343377584839,male,15-24
USA,2014,53.88809621631582,male,15-24
USA,2015,54.24054252304076,male,15-24
USA,2016,54.196715024524,male,15-24
USA,2017,54.63867158963178,male,15-24
USA,2018,54.26101549907404,male,15-24
USA,2019,54.42155317408023,male,15-24
USA,2020,53.59126755042014,male,15-24
USA,2021,52.21932577775549,male,15-24
USA,2022,52.40930667283593,male,15-24
USA,2023,51.73177739771406,male,15-24
AUT,2005,15.5,female,25-54
AUT,2006,16,female,25-54
AUT,2007,16,female,25-54
AUT,2008,16.3,female,25-54
AUT,2009,17,female,25-54
AUT,2010,4.84560375075865,female,25-54
AUT,2011,4.906919039603492,female,25-54
AUT,2012,4.944884280528653,female,25-54
AUT,2013,5.171293060558011,female,25-54
AUT,2014,5.328855821870055,female,25-54
AUT,2015,5.635864289422067,female,25-54
AUT,2016,5.53500457703837,female,25-54
AUT,2017,5.932628008751093,female,25-54
AUT,2018,5.725723751523396,female,25-54
AUT,2019,5.960962878103762,female,25-54
AUT,2020,5.725338447551322,female,25-54
AUT,2021,5.956501347867327,female,25-54
AUT,2022,6.134726895611895,female,25-54
AUT,2023,6.288127532970919,female,25-54
BEL,2005,9.7,female,25-54
BEL,2006,9.1,female,25-54
BEL,2007,8.6,female,25-54
BEL,2008,8.7,female,25-54
BEL,2009,8.7,female,25-54
BEL,2010,8.672718229313856,female,25-54
BEL,2011,8.864952935088185,female,25-54
BEL,2012,8.427340857563983,female,25-54
BEL,2013,8.175727104179558,female,25-54
BEL,2014,9.083893202194805,female,25-54
BEL,2015,8.393139499164858,female,25-54
BEL,2016,8.62669390383642,female,25-54
BEL,2017,9.53706045746646,female,25-54
BEL,2018,8.905897063068606,female,25-54
BEL,2019,9.697346380560926,female,25-54
BEL,2020,7.049900458471918,female,25-54
BEL,2021,14.01592231700453,female,25-54
BEL,2022,15.14682889460843,female,25-54
BEL,2023,17.96833622410505,female,25-54
CHE,2005,28.6,female,25-54
CHE,2006,25.4,female,25-54
CHE,2007,29.6,female,25-54
CHE,2008,29.8,female,25-54
CHE,2009,26.7,female,25-54
CHE,2010,4.652242230143267,female,25-54
CHE,2011,4.22981982311327,female,25-54
CHE,2012,4.460264909723064,female,25-54
CHE,2013,4.822295363627124,female,25-54
CHE,2014,5.097371729084848,female,25-54
CHE,2015,5.350419480286432,female,25-54
CHE,2016,5.792697738474117,female,25-54
CHE,2017,5.8606868010022,female,25-54
CHE,2018,6.063521775953509,female,25-54
CHE,2019,5.999081620428477,female,25-54
CHE,2020,6.221573004299214,female,25-54
CHE,2021,6.71589323252952,female,25-54
CHE,2022,6.053994007086473,female,25-54
CHE,2023,7.635799743282994,female,25-54
CRI,2005,7.7,female,25-54
CRI,2006,7.5,female,25-54
CRI,2007,8.3,female,25-54
CRI,2008,8.8,female,25-54
CRI,2009,8.3,female,25-54
CRI,2010,10.19631648898976,female,25-54
CRI,2011,10.63647534673041,female,25-54
CRI,2012,12.28652162323321,female,25-54
CRI,2013,12.46962549462526,female,25-54
CRI,2014,11.14152962566134,female,25-54
CRI,2015,12.24983611836279,female,25-54
CRI,2016,10.51551322611884,female,25-54
CRI,2017,9.699133874099958,female,25-54
CRI,2018,10.88970756204099,female,25-54
CRI,2019,13.18726626013748,female,25-54
CRI,2020,12.75842842657136,female,25-54
CRI,2021,11.59343024739079,female,25-54
CRI,2022,11.81941310335421,female,25-54
CRI,2023,10.53003043160125,female,25-54
DEU,2005,8.9,female,25-54
DEU,2006,8.6,female,25-54
DEU,2007,8.8,female,25-54
DEU,2008,9.4,female,25-54
DEU,2009,9,female,25-54
DEU,2010,9.243360278000443,female,25-54
DEU,2011,8.67182690594592,female,25-54
DEU,2012,9.369673529921393,female,25-54
DEU,2013,9.504292454974104,female,25-54
DEU,2014,9.57943827994421,female,25-54
DEU,2015,9.695509877586508,female,25-54
DEU,2016,9.844604643795927,female,25-54
DEU,2017,9.778242240122667,female,25-54
DEU,2018,9.649321629858347,female,25-54
DEU,2019,9.9106209615688,female,25-54
DEU,2020,8.645349712330228,female,25-54
DEU,2021,9.204449812648743,female,25-54
DEU,2022,10.11131618776978,female,25-54
DEU,2023,10.19819217721236,female,25-54
DNK,2005,33.6,female,25-54
DNK,2006,35.8,female,25-54
DNK,2007,36.4,female,25-54
DNK,2008,37,female,25-54
DNK,2009,39.1,female,25-54
DNK,2010,41.62768341195358,female,25-54
DNK,2011,41.31682274536372,female,25-54
DNK,2012,40.36822450593387,female,25-54
DNK,2013,39.5419646356393,female,25-54
DNK,2014,39.78902461525855,female,25-54
DNK,2015,39.68806713244931,female,25-54
DNK,2016,35.14177102858814,female,25-54
DNK,2017,33.79211864895077,female,25-54
DNK,2018,30.060077113882,female,25-54
DNK,2019,32.10634520377499,female,25-54
DNK,2020,25.72150211104547,female,25-54
DNK,2021,28.98276874128677,female,25-54
DNK,2022,34.174744321818054,female,25-54
DNK,2023,37.1272023071735,female,25-54
ESP,2005,13.2,female,25-54
ESP,2006,14.9,female,25-54
ESP,2007,14.9,female,25-54
ESP,2008,14.1,female,25-54
ESP,2009,14.7,female,25-54
ESP,2010,13.50805709460743,female,25-54
ESP,2011,13.58872538274185,female,25-54
ESP,2012,13.58718994523403,female,25-54
ESP,2013,13.78486240082411,female,25-54
ESP,2014,12.44335350591463,female,25-54
ESP,2015,12.36406082281374,female,25-54
ESP,2016,11.89442597870858,female,25-54
ESP,2017,12.37501784278657,female,25-54
ESP,2018,13.36754567620755,female,25-54
ESP,2019,13.7843710506555,female,25-54
ESP,2020,14.19227043934908,female,25-54
ESP,2021,18.77336126649987,female,25-54
ESP,2022,19.88079657561925,female,25-54
ESP,2023,20.44252151372862,female,25-54
FIN,2005,29.5,female,25-54
FIN,2006,29.7,female,25-54
FIN,2007,30.6,female,25-54
FIN,2008,30.6,female,25-54
FIN,2009,28.3,female,25-54
FIN,2010,30.67143290149252,female,25-54
FIN,2011,32.17474078279509,female,25-54
FIN,2012,32.04710533185293,female,25-54
FIN,2013,32.09504186813493,female,25-54
FIN,2014,33.52397379684403,female,25-54
FIN,2015,32.13256810633043,female,25-54
FIN,2016,34.48313456758064,female,25-54
FIN,2017,34.67887107859322,female,25-54
FIN,2018,35.86277191344237,female,25-54
FIN,2019,36.63108588446413,female,25-54
FIN,2020,35.2925649234143,female,25-54
FIN,2021,41.0023058074165,female,25-54
FIN,2022,34.77833814474043,female,25-54
FIN,2023,33.56065697814442,female,25-54
GBR,2005,28,female,25-54
GBR,2006,27.7,female,25-54
GBR,2007,26.5,female,25-54
GBR,2008,24.4,female,25-54
GBR,2009,24.6,female,25-54
GBR,2010,9.683529310402491,female,25-54
GBR,2011,8.854982606336856,female,25-54
GBR,2012,8.458478170288306,female,25-54
GBR,2013,8.553179336305883,female,25-54
GBR,2014,8.093598846566257,female,25-54
GBR,2015,7.562496716754671,female,25-54
GBR,2016,7.512224940487125,female,25-54
GBR,2017,7.308481894234012,female,25-54
GBR,2018,7.166737317349034,female,25-54
GBR,2019,7.052569315191613,female,25-54
GBR,2020,7.548482320710629,female,25-54
GBR,2021,8.309118332814826,female,25-54
GBR,2022,8.229024428653483,female,25-54
GBR,2023,7.58209846959674,female,25-54
HUN,2005,5.8,female,25-54
HUN,2006,6,female,25-54
HUN,2007,5.8,female,25-54
HUN,2008,5,female,25-54
HUN,2009,4.4,female,25-54
HUN,2010,4.092198050518574,female,25-54
HUN,2011,4.123723489751339,female,25-54
HUN,2012,4.085819785703153,female,25-54
HUN,2013,4.182097622321525,female,25-54
HUN,2014,4.553348451318151,female,25-54
HUN,2015,9.091613808101092,female,25-54
HUN,2016,8.314386094536157,female,25-54
HUN,2017,7.68303046415898,female,25-54
HUN,2018,7.623757678359616,female,25-54
HUN,2019,7.213033294727007,female,25-54
HUN,2020,6.788998727568123,female,25-54
HUN,2021,6.891365436157018,female,25-54
HUN,2022,10.37111906293718,female,25-54
HUN,2023,11.62394824615932,female,25-54
IRL,2005,10.3,female,25-54
IRL,2006,11.8,female,25-54
IRL,2007,10.3,female,25-54
IRL,2008,9.5,female,25-54
IRL,2009,8.1,female,25-54
IRL,2010,8.238507155354483,female,25-54
IRL,2011,8.376202211209954,female,25-54
IRL,2012,8.671515030983063,female,25-54
IRL,2013,8.76446116366353,female,25-54
IRL,2014,8.490390337822998,female,25-54
IRL,2015,7.958624399507601,female,25-54
IRL,2016,7.66011227089783,female,25-54
IRL,2017,10.94662485210878,female,25-54
IRL,2018,15.67994487168662,female,25-54
IRL,2019,15.48088926588842,female,25-54
IRL,2020,13.76829118471963,female,25-54
IRL,2021,17.16660528235477,female,25-54
IRL,2022,15.03909197238126,female,25-54
IRL,2023,18.41141845538588,female,25-54
ISL,2005,32.3,female,25-54
ISL,2006,36.3,female,25-54
ISL,2007,34.7,female,25-54
ISL,2008,33.1,female,25-54
ISL,2009,33,female,25-54
ISL,2010,32.1844783468177,female,25-54
ISL,2011,31.45951169768087,female,25-54
ISL,2012,34.45980951640478,female,25-54
ISL,2013,31.83074827886207,female,25-54
ISL,2014,32.82221194064826,female,25-54
ISL,2015,35.48133949455693,female,25-54
ISL,2016,30.92870425811276,female,25-54
ISL,2017,29.89473999015145,female,25-54
ISL,2018,27.63013035913823,female,25-54
ISL,2019,27.83939427772398,female,25-54
ISL,2020,27.21614358729666,female,25-54
ISL,2021,32.06653311329348,female,25-54
ISL,2022,36.17145359935289,female,25-54
ISL,2023,33.19836588558334,female,25-54
ITA,2005,7.5,female,25-54
ITA,2006,7.8,female,25-54
ITA,2007,7.8,female,25-54
ITA,2008,7.8,female,25-54
ITA,2009,7.5,female,25-54
ITA,2010,7.665187775560141,female,25-54
ITA,2011,7.057791671966086,female,25-54
ITA,2012,8.124391631436485,female,25-54
ITA,2013,7.543649393303263,female,25-54
ITA,2014,9.396304312910358,female,25-54
ITA,2015,8.788831828034036,female,25-54
ITA,2016,9.742583901987002,female,25-54
ITA,2017,9.472473250391976,female,25-54
ITA,2018,9.66694837060415,female,25-54
ITA,2019,9.762715254799732,female,25-54
ITA,2020,8.512402862106589,female,25-54
ITA,2021,11.67894587449096,female,25-54
ITA,2022,11.60573333668358,female,25-54
ITA,2023,13.69471713019397,female,25-54
LTU,2005,9.5,female,25-54
LTU,2006,8.2,female,25-54
LTU,2007,8.6,female,25-54
LTU,2008,7.4,female,25-54
LTU,2009,6.8,female,25-54
LTU,2010,6.346008455094649,female,25-54
LTU,2011,8.668017774664182,female,25-54
LTU,2012,7.233148529828092,female,25-54
LTU,2013,7.52878559490208,female,25-54
LTU,2014,6.354394596563815,female,25-54
LTU,2015,7.308797863324401,female,25-54
LTU,2016,7.729405941518717,female,25-54
LTU,2017,8.334762505241098,female,25-54
LTU,2018,9.247311113445576,female,25-54
LTU,2019,9.61592166209204,female,25-54
LTU,2020,10.00769848076493,female,25-54
LTU,2021,11.8959989031563,female,25-54
LTU,2022,11.5713584632074,female,25-54
LTU,2023,14.18339228074019,female,25-54
LUX,2005,9.7,female,25-54
LUX,2006,10.1,female,25-54
LUX,2007,8.6,female,25-54
LUX,2008,11.1,female,25-54
LUX,2009,15.4,female,25-54
LUX,2010,16.23124319377862,female,25-54
LUX,2011,15.23385660550829,female,25-54
LUX,2012,15.95505789583641,female,25-54
LUX,2013,17.71109398967599,female,25-54
LUX,2014,17.13732016354061,female,25-54
LUX,2015,21.34145740950596,female,25-54
LUX,2016,19.86412309082916,female,25-54
LUX,2017,20.66868213367379,female,25-54
LUX,2018,20.96409751508645,female,25-54
LUX,2019,20.75636583927476,female,25-54
LUX,2020,20.39689486287311,female,25-54
LUX,2021,19.33140819016894,female,25-54
LUX,2022,19.06548638986501,female,25-54
LUX,2023,21.90617108943417,female,25-54
LVA,2005,12.5,female,25-54
LVA,2006,11.9,female,25-54
LVA,2007,11.3,female,25-54
LVA,2008,11.1,female,25-54
LVA,2009,8.9,female,25-54
LVA,2010,8.510229353377932,female,25-54
LVA,2011,7.642841937086782,female,25-54
LVA,2012,9.072031004214846,female,25-54
LVA,2013,9.683141217224351,female,25-54
LVA,2014,7.730797787848477,female,25-54
LVA,2015,8.47563080080337,female,25-54
LVA,2016,9.8363554491671,female,25-54
LVA,2017,9.7809796727248,female,25-54
LVA,2018,11.41681426272697,female,25-54
LVA,2019,11.75149424623931,female,25-54
LVA,2020,10.01769066905531,female,25-54
LVA,2021,16.21191923894932,female,25-54
LVA,2022,18.02788233261388,female,25-54
LVA,2023,17.57858006196089,female,25-54
MEX,2005,2.7,female,25-54
MEX,2006,2.7,female,25-54
MEX,2007,2.6,female,25-54
MEX,2008,2.4,female,25-54
MEX,2009,2.4,female,25-54
MEX,2010,2.481540960446019,female,25-54
MEX,2011,2.697293260988474,female,25-54
MEX,2012,2.77333835916914,female,25-54
MEX,2013,2.676275311890819,female,25-54
MEX,2014,2.711812896417902,female,25-54
MEX,2015,2.878333352639844,female,25-54
MEX,2016,2.717027989112795,female,25-54
MEX,2017,2.487689880319949,female,25-54
MEX,2018,2.583824921130941,female,25-54
MEX,2019,2.746773495073731,female,25-54
MEX,2020,2.676291994313728,female,25-54
MEX,2021,2.657505806227522,female,25-54
MEX,2022,2.806601142315534,female,25-54
MEX,2023,2.785250159549968,female,25-54
NLD,2005,18,female,25-54
NLD,2006,16.7,female,25-54
NLD,2007,18.9,female,25-54
NLD,2008,18.5,female,25-54
NLD,2009,18.8,female,25-54
NLD,2010,20.05381710159509,female,25-54
NLD,2011,20.56895626996446,female,25-54
NLD,2012,19.879260389403,female,25-54
NLD,2013,20.88267835156998,female,25-54
NLD,2014,21.19921740421555,female,25-54
NLD,2015,21.86832107404596,female,25-54
NLD,2016,22.20288792167941,female,25-54
NLD,2017,23.37531065639616,female,25-54
NLD,2018,23.30541096521721,female,25-54
NLD,2019,24.16615977815896,female,25-54
NLD,2020,23.36851497319838,female,25-54
NLD,2021,31.00542769833148,female,25-54
NLD,2022,31.02172838433893,female,25-54
NLD,2023,30.10529582168992,female,25-54
NOR,2005,21.8,female,25-54
NOR,2006,23.9,female,25-54
NOR,2007,22.4,female,25-54
NOR,2008,23.2,female,25-54
NOR,2009,22.4,female,25-54
NOR,2010,23.15478368596269,female,25-54
NOR,2011,21.78287217060399,female,25-54
NOR,2012,24.38081829510264,female,25-54
NOR,2013,25.87126201398683,female,25-54
NOR,2014,24.76770134830752,female,25-54
NOR,2015,24.07595043892645,female,25-54
NOR,2016,23.94834799658554,female,25-54
NOR,2017,23.87757824716509,female,25-54
NOR,2018,24.74983854815724,female,25-54
NOR,2019,24.02791321451049,female,25-54
NOR,2020,19.54858479619016,female,25-54
NOR,2021,24.9226864553319,female,25-54
NOR,2022,26.11945828364639,female,25-54
NOR,2023,27.79795450641314,female,25-54
PRT,2005,5.2,female,25-54
PRT,2006,5.3,female,25-54
PRT,2007,5.4,female,25-54
PRT,2008,6.9,female,25-54
PRT,2009,8.3,female,25-54
PRT,2010,6.923062846084591,female,25-54
PRT,2011,14.16223113811687,female,25-54
PRT,2012,12.78127161842008,female,25-54
PRT,2013,11.88274113400576,female,25-54
PRT,2014,11.64623500480275,female,25-54
PRT,2015,11.50512733247031,female,25-54
PRT,2016,11.36246431548283,female,25-54
PRT,2017,11.91175280357265,female,25-54
PRT,2018,12.5551091756511,female,25-54
PRT,2019,12.38631953108837,female,25-54
PRT,2020,12.09802862893272,female,25-54
PRT,2021,15.84847525224521,female,25-54
PRT,2022,18.13421768169404,female,25-54
PRT,2023,16.96953270775688,female,25-54
ROU,2005,2,female,25-54
ROU,2006,1.9,female,25-54
ROU,2007,1.9,female,25-54
ROU,2008,2.3,female,25-54
ROU,2009,2.3,female,25-54
ROU,2010,1.830691561958249,female,25-54
ROU,2011,2.014334319956022,female,25-54
ROU,2012,1.774355291751633,female,25-54
ROU,2013,2.289947161231893,female,25-54
ROU,2014,1.782081701027946,female,25-54
ROU,2015,1.679489841622388,female,25-54
ROU,2016,1.556792615615564,female,25-54
ROU,2017,1.269064368571603,female,25-54
ROU,2018,1.152152391940543,female,25-54
ROU,2019,1.46515158715354,female,25-54
ROU,2020,1.229957996284086,female,25-54
ROU,2021,5.464413771678313,female,25-54
ROU,2022,6.03100044101387,female,25-54
ROU,2023,7.557042129754965,female,25-54
SVN,2005,19.8,female,25-54
SVN,2006,19.1,female,25-54
SVN,2007,19.1,female,25-54
SVN,2008,18.3,female,25-54
SVN,2009,19.3,female,25-54
SVN,2010,21.79223344387455,female,25-54
SVN,2011,21.42826233482906,female,25-54
SVN,2012,18.87686907914095,female,25-54
SVN,2013,17.19453122757288,female,25-54
SVN,2014,16.27937850569862,female,25-54
SVN,2015,16.19711602262363,female,25-54
SVN,2016,15.77380955326699,female,25-54
SVN,2017,16.17027414325579,female,25-54
SVN,2018,15.60971127694541,female,25-54
SVN,2019,14.76253373194095,female,25-54
SVN,2020,11.37732760851594,female,25-54
SVN,2021,24.20545042715231,female,25-54
SVN,2022,27.63658029965037,female,25-54
SVN,2023,25.91109471222328,female,25-54
SWE,2005,26.4,female,25-54
SWE,2006,26.9,female,25-54
SWE,2007,27.2,female,25-54
SWE,2008,32,female,25-54
SWE,2009,31.7,female,25-54
SWE,2010,34.32803539723945,female,25-54
SWE,2011,34.83357384355713,female,25-54
SWE,2012,36.74788570940306,female,25-54
SWE,2013,38.22229008268288,female,25-54
SWE,2014,39.14383677707816,female,25-54
SWE,2015,39.30308928727694,female,25-54
SWE,2016,39.33687572753549,female,25-54
SWE,2017,40.09242974647928,female,25-54
SWE,2018,41.4519531383074,female,25-54
SWE,2019,45.94191328332563,female,25-54
SWE,2020,38.56975573868316,female,25-54
SWE,2021,44.33688787967948,female,25-54
SWE,2022,45.99118710188733,female,25-54
SWE,2023,48.63754859182043,female,25-54
USA,2005,1.4,female,25-54
USA,2006,1.4,female,25-54
USA,2007,1.5,female,25-54
USA,2008,1.5,female,25-54
USA,2009,1.6,female,25-54
USA,2010,1.88299906821184,female,25-54
USA,2011,1.956663067142955,female,25-54
USA,2012,1.928804078279444,female,25-54
USA,2013,6.224652163386792,female,25-54
USA,2014,6.02478030828083,female,25-54
USA,2015,5.881478897868358,female,25-54
USA,2016,5.693400787449217,female,25-54
USA,2017,5.658248718759273,female,25-54
USA,2018,5.61595098684792,female,25-54
USA,2019,5.437531988928661,female,25-54
USA,2020,5.260655034631392,female,25-54
USA,2021,5.36380157299998,female,25-54
USA,2022,5.044251742684832,female,25-54
USA,2023,5.049895919304528,female,25-54
AUT,2005,14.2,male,25-54
AUT,2006,14,male,25-54
AUT,2007,13.4,male,25-54
AUT,2008,14.2,male,25-54
AUT,2009,14.7,male,25-54
AUT,2010,5.171729938833994,male,25-54
AUT,2011,4.857212008584379,male,25-54
AUT,2012,5.339875970751933,male,25-54
AUT,2013,5.420180717374401,male,25-54
AUT,2014,5.568480564976222,male,25-54
AUT,2015,5.71147029550051,male,25-54
AUT,2016,5.691844504790336,male,25-54
AUT,2017,5.949920503859343,male,25-54
AUT,2018,5.536753744036283,male,25-54
AUT,2019,5.368833257408834,male,25-54
AUT,2020,5.787834452547614,male,25-54
AUT,2021,5.570964841214409,male,25-54
AUT,2022,5.558406063106474,male,25-54
AUT,2023,5.950420883044219,male,25-54
BEL,2005,9.2,male,25-54
BEL,2006,8.7,male,25-54
BEL,2007,8.2,male,25-54
BEL,2008,7.6,male,25-54
BEL,2009,7.5,male,25-54
BEL,2010,8.169870413546972,male,25-54
BEL,2011,7.974014283282578,male,25-54
BEL,2012,7.420363037329761,male,25-54
BEL,2013,7.511187436621814,male,25-54
BEL,2014,7.887975203693447,male,25-54
BEL,2015,7.331621252381823,male,25-54
BEL,2016,7.490744147669104,male,25-54
BEL,2017,7.959514567834182,male,25-54
BEL,2018,7.677753199968422,male,25-54
BEL,2019,8.133352132297821,male,25-54
BEL,2020,7.1599117002621,male,25-54
BEL,2021,13.53496902992173,male,25-54
BEL,2022,12.30025925019694,male,25-54
BEL,2023,15.23567960467359,male,25-54
CHE,2005,29.7,male,25-54
CHE,2006,23.8,male,25-54
CHE,2007,28.2,male,25-54
CHE,2008,29.7,male,25-54
CHE,2009,24.6,male,25-54
CHE,2010,5.210043392411501,male,25-54
CHE,2011,5.356785362233664,male,25-54
CHE,2012,5.148237658049005,male,25-54
CHE,2013,5.111015185939674,male,25-54
CHE,2014,5.632008674639895,male,25-54
CHE,2015,5.716881505564677,male,25-54
CHE,2016,5.91432381259462,male,25-54
CHE,2017,5.909911165527582,male,25-54
CHE,2018,6.340001999032236,male,25-54
CHE,2019,6.738437286019618,male,25-54
CHE,2020,6.682197393649012,male,25-54
CHE,2021,7.284831722608172,male,25-54
CHE,2022,6.012861678037712,male,25-54
CHE,2023,7.332573189898799,male,25-54
CRI,2005,7.4,male,25-54
CRI,2006,6.6,male,25-54
CRI,2007,6.5,male,25-54
CRI,2008,7.6,male,25-54
CRI,2009,7.8,male,25-54
CRI,2010,8.874122792148356,male,25-54
CRI,2011,8.733648409033288,male,25-54
CRI,2012,10.38766110508202,male,25-54
CRI,2013,10.85558803923256,male,25-54
CRI,2014,10.00140799404767,male,25-54
CRI,2015,10.18257704337599,male,25-54
CRI,2016,8.185350161984156,male,25-54
CRI,2017,8.371469946415392,male,25-54
CRI,2018,8.573746163043067,male,25-54
CRI,2019,8.747141097544993,male,25-54
CRI,2020,8.074306230291995,male,25-54
CRI,2021,8.102432866962882,male,25-54
CRI,2022,8.033231292922476,male,25-54
CRI,2023,7.09467931954713,male,25-54
DEU,2005,9.8,male,25-54
DEU,2006,9,male,25-54
DEU,2007,9,male,25-54
DEU,2008,10.1,male,25-54
DEU,2009,9.4,male,25-54
DEU,2010,8.352237580158771,male,25-54
DEU,2011,8.886835547565825,male,25-54
DEU,2012,9.563559137966688,male,25-54
DEU,2013,9.585846968534897,male,25-54
DEU,2014,9.728872645172528,male,25-54
DEU,2015,9.936453980684709,male,25-54
DEU,2016,10.50779738900108,male,25-54
DEU,2017,10.59207695581459,male,25-54
DEU,2018,10.4024187622254,male,25-54
DEU,2019,10.21794736803141,male,25-54
DEU,2020,8.913796332371888,male,25-54
DEU,2021,9.258448378172517,male,25-54
DEU,2022,9.537796700952658,male,25-54
DEU,2023,9.55239860277111,male,25-54
DNK,2005,26.4,male,25-54
DNK,2006,27.3,male,25-54
DNK,2007,26.5,male,25-54
DNK,2008,27.7,male,25-54
DNK,2009,27.9,male,25-54
DNK,2010,28.68644965313807,male,25-54
DNK,2011,28.57549545315056,male,25-54
DNK,2012,27.91623910724608,male,25-54
DNK,2013,28.81628969520089,male,25-54
DNK,2014,29.09722359929201,male,25-54
DNK,2015,28.32289796484853,male,25-54
DNK,2016,25.73213189539883,male,25-54
DNK,2017,25.25395312765398,male,25-54
DNK,2018,21.59085883932772,male,25-54
DNK,2019,23.05506539258952,male,25-54
DNK,2020,18.52755805317984,male,25-54
DNK,2021,20.35417769012644,male,25-54
DNK,2022,26.07948966131317,male,25-54
DNK,2023,28.12073419836844,male,25-54
ESP,2005,11.2,male,25-54
ESP,2006,12,male,25-54
ESP,2007,12.9,male,25-54
ESP,2008,12,male,25-54
ESP,2009,12,male,25-54
ESP,2010,11.66548573902936,male,25-54
ESP,2011,11.69260071056772,male,25-54
ESP,2012,11.66639548751074,male,25-54
ESP,2013,12.01941204049675,male,25-54
ESP,2014,10.95200452267981,male,25-54
ESP,2015,10.64965100583266,male,25-54
ESP,2016,10.05067263720047,male,25-54
ESP,2017,10.66855222426386,male,25-54
ESP,2018,11.04382757869225,male,25-54
ESP,2019,11.10494382014484,male,25-54
ESP,2020,11.55682835032665,male,25-54
ESP,2021,14.72320195934189,male,25-54
ESP,2022,15.39149200229947,male,25-54
ESP,2023,15.89454278108085,male,25-54
FIN,2005,22.8,male,25-54
FIN,2006,23.3,male,25-54
FIN,2007,21.5,male,25-54
FIN,2008,22,male,25-54
FIN,2009,21.9,male,25-54
FIN,2010,21.9470391243862,male,25-54
FIN,2011,23.61463471990884,male,25-54
FIN,2012,24.42092433134515,male,25-54
FIN,2013,25.10683064613825,male,25-54
FIN,2014,25.27261619814674,male,25-54
FIN,2015,25.44385768497185,male,25-54
FIN,2016,26.16826531388573,male,25-54
FIN,2017,27.51518983790523,male,25-54
FIN,2018,28.44294795988526,male,25-54
FIN,2019,28.44346171060966,male,25-54
FIN,2020,27.06552052834656,male,25-54
FIN,2021,29.79984303340277,male,25-54
FIN,2022,25.02995301929952,male,25-54
FIN,2023,24.97641546496524,male,25-54
GBR,2005,20.6,male,25-54
GBR,2006,19.8,male,25-54
GBR,2007,19,male,25-54
GBR,2008,18.4,male,25-54
GBR,2009,18.7,male,25-54
GBR,2010,6.526373669982431,male,25-54
GBR,2011,6.030692770943897,male,25-54
GBR,2012,5.783259818552777,male,25-54
GBR,2013,5.761004637361887,male,25-54
GBR,2014,5.594081001020331,male,25-54
GBR,2015,5.271127526223641,male,25-54
GBR,2016,4.955279923755167,male,25-54
GBR,2017,4.907558393899184,male,25-54
GBR,2018,4.841563364169038,male,25-54
GBR,2019,4.885292930784712,male,25-54
GBR,2020,5.146918254182611,male,25-54
GBR,2021,5.464892124362382,male,25-54
GBR,2022,5.169010617000288,male,25-54
GBR,2023,5.110642901639141,male,25-54
HUN,2005,3.9,male,25-54
HUN,2006,4.2,male,25-54
HUN,2007,4.1,male,25-54
HUN,2008,3.7,male,25-54
HUN,2009,3.4,male,25-54
HUN,2010,3.619211613383368,male,25-54
HUN,2011,3.469431103758677,male,25-54
HUN,2012,3.326135425699821,male,25-54
HUN,2013,3.938905426667621,male,25-54
HUN,2014,3.646809082089716,male,25-54
HUN,2015,7.932282503863005,male,25-54
HUN,2016,6.469750432385099,male,25-54
HUN,2017,6.786128008455567,male,25-54
HUN,2018,6.598323634499832,male,25-54
HUN,2019,6.450910271075955,male,25-54
HUN,2020,5.126671967313993,male,25-54
HUN,2021,6.6278813146235,male,25-54
HUN,2022,7.416486529442144,male,25-54
HUN,2023,9.284527646055317,male,25-54
IRL,2005,7.3,male,25-54
IRL,2006,7.7,male,25-54
IRL,2007,7.3,male,25-54
IRL,2008,7.1,male,25-54
IRL,2009,6.8,male,25-54
IRL,2010,7.710897113063361,male,25-54
IRL,2011,7.82216545800306,male,25-54
IRL,2012,8.14520061810368,male,25-54
IRL,2013,8.254754468266547,male,25-54
IRL,2014,7.366574661960118,male,25-54
IRL,2015,6.832988143550403,male,25-54
IRL,2016,6.955384528255718,male,25-54
IRL,2017,8.821667706554727,male,25-54
IRL,2018,11.33002934880483,male,25-54
IRL,2019,11.82633415493578,male,25-54
IRL,2020,10.185569628974,male,25-54
IRL,2021,15.100861301899,male,25-54
IRL,2022,12.09540193202877,male,25-54
IRL,2023,11.38547192253259,male,25-54
ISL,2005,22.9,male,25-54
ISL,2006,24.1,male,25-54
ISL,2007,23.9,male,25-54
ISL,2008,21,male,25-54
ISL,2009,21.9,male,25-54
ISL,2010,23.2072137074375,male,25-54
ISL,2011,24.76092764240225,male,25-54
ISL,2012,25.71226191976973,male,25-54
ISL,2013,24.74985154246642,male,25-54
ISL,2014,24.57548694424397,male,25-54
ISL,2015,26.34633816360391,male,25-54
ISL,2016,23.27887797389841,male,25-54
ISL,2017,22.49707379397278,male,25-54
ISL,2018,19.95535930251311,male,25-54
ISL,2019,20.45769264652595,male,25-54
ISL,2020,18.38776793433766,male,25-54
ISL,2021,20.78086624164294,male,25-54
ISL,2022,23.6348720456657,male,25-54
ISL,2023,23.47941424590018,male,25-54
ITA,2005,6.4,male,25-54
ITA,2006,6.7,male,25-54
ITA,2007,6.8,male,25-54
ITA,2008,7,male,25-54
ITA,2009,6.6,male,25-54
ITA,2010,6.792496437969047,male,25-54
ITA,2011,6.123425556529756,male,25-54
ITA,2012,7.078222307329295,male,25-54
ITA,2013,6.703614998227582,male,25-54
ITA,2014,8.64520410099139,male,25-54
ITA,2015,7.704306375839868,male,25-54
ITA,2016,8.56356933335744,male,25-54
ITA,2017,8.337480319851515,male,25-54
ITA,2018,8.53760413837675,male,25-54
ITA,2019,8.661317738540516,male,25-54
ITA,2020,8.045746116482249,male,25-54
ITA,2021,10.89358619529953,male,25-54
ITA,2022,10.67057389172095,male,25-54
ITA,2023,12.72612915691152,male,25-54
LTU,2005,4.9,male,25-54
LTU,2006,3.4,male,25-54
LTU,2007,4.4,male,25-54
LTU,2008,4.4,male,25-54
LTU,2009,4.4,male,25-54
LTU,2010,4.15252470781238,male,25-54
LTU,2011,5.358593687225573,male,25-54
LTU,2012,5.524565204907677,male,25-54
LTU,2013,6.275249762407255,male,25-54
LTU,2014,5.608976657604955,male,25-54
LTU,2015,6.00343655188346,male,25-54
LTU,2016,6.077000182527572,male,25-54
LTU,2017,5.080051955476979,male,25-54
LTU,2018,5.667596854746337,male,25-54
LTU,2019,6.549589403392359,male,25-54
LTU,2020,6.599040205129304,male,25-54
LTU,2021,7.943288165807337,male,25-54
LTU,2022,8.158375294581528,male,25-54
LTU,2023,9.898360798477537,male,25-54
LUX,2005,9.8,male,25-54
LUX,2006,9,male,25-54
LUX,2007,7.8,male,25-54
LUX,2008,9,male,25-54
LUX,2009,15.7,male,25-54
LUX,2010,14.79199636779732,male,25-54
LUX,2011,16.17691512190279,male,25-54
LUX,2012,16.24068657197426,male,25-54
LUX,2013,16.39741387036371,male,25-54
LUX,2014,16.27845036224392,male,25-54
LUX,2015,20.93554332052419,male,25-54
LUX,2016,19.87765117686928,male,25-54
LUX,2017,19.37368544193659,male,25-54
LUX,2018,20.79599799880526,male,25-54
LUX,2019,21.76098930284082,male,25-54
LUX,2020,17.26769867918562,male,25-54
LUX,2021,19.30076936836912,male,25-54
LUX,2022,18.20699004395922,male,25-54
LUX,2023,17.66524112540315,male,25-54
LVA,2005,5.7,male,25-54
LVA,2006,5.2,male,25-54
LVA,2007,5.7,male,25-54
LVA,2008,5.1,male,25-54
LVA,2009,4.4,male,25-54
LVA,2010,4.217131072821593,male,25-54
LVA,2011,4.795807504051985,male,25-54
LVA,2012,7.182410790210343,male,25-54
LVA,2013,5.775003247871642,male,25-54
LVA,2014,5.673666144058315,male,25-54
LVA,2015,4.876034626235088,male,25-54
LVA,2016,6.975574745858109,male,25-54
LVA,2017,6.862946872904709,male,25-54
LVA,2018,5.727218273701464,male,25-54
LVA,2019,5.875258778094974,male,25-54
LVA,2020,5.11826932366641,male,25-54
LVA,2021,7.306802036280876,male,25-54
LVA,2022,10.30463515586044,male,25-54
LVA,2023,9.782002106435566,male,25-54
MEX,2005,2.5,male,25-54
MEX,2006,2.4,male,25-54
MEX,2007,2.4,male,25-54
MEX,2008,2.5,male,25-54
MEX,2009,2.5,male,25-54
MEX,2010,2.521988265597304,male,25-54
MEX,2011,2.728956183877028,male,25-54
MEX,2012,2.862607750265258,male,25-54
MEX,2013,2.842996208656455,male,25-54
MEX,2014,2.892853917105491,male,25-54
MEX,2015,3.01077645368265,male,25-54
MEX,2016,2.800381230720371,male,25-54
MEX,2017,2.803323898157525,male,25-54
MEX,2018,2.891931453145267,male,25-54
MEX,2019,2.839252933708822,male,25-54
MEX,2020,2.551727280447266,male,25-54
MEX,2021,2.786808600129398,male,25-54
MEX,2022,2.88679870745832,male,25-54
MEX,2023,2.915460735387855,male,25-54
NLD,2005,17.7,male,25-54
NLD,2006,16.8,male,25-54
NLD,2007,18.6,male,25-54
NLD,2008,18.3,male,25-54
NLD,2009,18.2,male,25-54
NLD,2010,18.97469628537786,male,25-54
NLD,2011,20.31948413071348,male,25-54
NLD,2012,18.78497576568387,male,25-54
NLD,2013,19.49749742824693,male,25-54
NLD,2014,20.11470552538024,male,25-54
NLD,2015,20.95709993277815,male,25-54
NLD,2016,19.99663894709199,male,25-54
NLD,2017,21.46348728553249,male,25-54
NLD,2018,20.84373035183254,male,25-54
NLD,2019,21.74011199913844,male,25-54
NLD,2020,20.87119815299238,male,25-54
NLD,2021,28.29242128206872,male,25-54
NLD,2022,28.01436021067821,male,25-54
NLD,2023,27.72387157596959,male,25-54
NOR,2005,18.1,male,25-54
NOR,2006,18.9,male,25-54
NOR,2007,19.9,male,25-54
NOR,2008,19.9,male,25-54
NOR,2009,19.6,male,25-54
NOR,2010,18.0868259004638,male,25-54
NOR,2011,19.49029441283458,male,25-54
NOR,2012,20.99022070211698,male,25-54
NOR,2013,22.03691060882348,male,25-54
NOR,2014,19.63577079136672,male,25-54
NOR,2015,18.99806689306546,male,25-54
NOR,2016,19.07334907290183,male,25-54
NOR,2017,20.22082976103271,male,25-54
NOR,2018,19.0584356766684,male,25-54
NOR,2019,18.99132597135997,male,25-54
NOR,2020,17.00797731936409,male,25-54
NOR,2021,21.57692494134633,male,25-54
NOR,2022,21.53750149999624,male,25-54
NOR,2023,23.31817757357631,male,25-54
PRT,2005,4.8,male,25-54
PRT,2006,4.9,male,25-54
PRT,2007,5.2,male,25-54
PRT,2008,6,male,25-54
PRT,2009,7.4,male,25-54
PRT,2010,6.879351376049081,male,25-54
PRT,2011,12.64055128699811,male,25-54
PRT,2012,11.84179224117118,male,25-54
PRT,2013,11.00499451985959,male,25-54
PRT,2014,11.08985669477104,male,25-54
PRT,2015,11.53515815244496,male,25-54
PRT,2016,11.32611979502025,male,25-54
PRT,2017,11.37904260401631,male,25-54
PRT,2018,11.55288257568077,male,25-54
PRT,2019,12.15555586256376,male,25-54
PRT,2020,11.16202028143378,male,25-54
PRT,2021,14.33422399843217,male,25-54
PRT,2022,16.66589398136417,male,25-54
PRT,2023,16.2063324878989,male,25-54
ROU,2005,1.8,male,25-54
ROU,2006,1.8,male,25-54
ROU,2007,1.6,male,25-54
ROU,2008,1.9,male,25-54
ROU,2009,1.9,male,25-54
ROU,2010,1.70973268109992,male,25-54
ROU,2011,2.110069607414634,male,25-54
ROU,2012,1.85737363038082,male,25-54
ROU,2013,2.628581732238344,male,25-54
ROU,2014,2.033656190619261,male,25-54
ROU,2015,1.629616963767685,male,25-54
ROU,2016,1.479011648304638,male,25-54
ROU,2017,1.415130524124228,male,25-54
ROU,2018,1.182347418868959,male,25-54
ROU,2019,1.622862771013498,male,25-54
ROU,2020,1.245032561700874,male,25-54
ROU,2021,5.807510760195275,male,25-54
ROU,2022,6.232261480796762,male,25-54
ROU,2023,7.609059885233298,male,25-54
SVN,2005,15.6,male,25-54
SVN,2006,16.3,male,25-54
SVN,2007,16.3,male,25-54
SVN,2008,15.1,male,25-54
SVN,2009,15.3,male,25-54
SVN,2010,16.86637387483435,male,25-54
SVN,2011,16.50740190533412,male,25-54
SVN,2012,13.97079689183311,male,25-54
SVN,2013,12.62968064715947,male,25-54
SVN,2014,12.67355013324828,male,25-54
SVN,2015,13.047362632432,male,25-54
SVN,2016,12.40625194545429,male,25-54
SVN,2017,12.02928868698368,male,25-54
SVN,2018,11.08248135315798,male,25-54
SVN,2019,11.30155861997048,male,25-54
SVN,2020,8.71459994743541,male,25-54
SVN,2021,19.96426798474131,male,25-54
SVN,2022,23.81151364112739,male,25-54
SVN,2023,20.64381552397119,male,25-54
SWE,2005,16.7,male,25-54
SWE,2006,15.5,male,25-54
SWE,2007,15.2,male,25-54
SWE,2008,18.5,male,25-54
SWE,2009,18.4,male,25-54
SWE,2010,20.28641241081672,male,25-54
SWE,2011,20.76805846480687,male,25-54
SWE,2012,22.59172873267749,male,25-54
SWE,2013,23.92245001889791,male,25-54
SWE,2014,24.82645707548827,male,25-54
SWE,2015,24.72957582671034,male,25-54
SWE,2016,25.04426595580968,male,25-54
SWE,2017,25.97553708419355,male,25-54
SWE,2018,26.56427175573236,male,25-54
SWE,2019,28.28850577643962,male,25-54
SWE,2020,24.28367735559168,male,25-54
SWE,2021,30.83965290296662,male,25-54
SWE,2022,31.75131033022057,male,25-54
SWE,2023,34.25580758901995,male,25-54
USA,2005,1,male,25-54
USA,2006,1.1,male,25-54
USA,2007,1,male,25-54
USA,2008,1.1,male,25-54
USA,2009,1.1,male,25-54
USA,2010,1.406192919299233,male,25-54
USA,2011,1.555379609714933,male,25-54
USA,2012,1.491111941413539,male,25-54
USA,2013,4.524269676352762,male,25-54
USA,2014,4.343161023735947,male,25-54
USA,2015,4.263412958471013,male,25-54
USA,2016,4.303927219099653,male,25-54
USA,2017,4.176975930117834,male,25-54
USA,2018,4.270806388614583,male,25-54
USA,2019,4.000918568353265,male,25-54
USA,2020,3.859159562932518,male,25-54
USA,2021,3.829090885335221,male,25-54
USA,2022,3.572598850385545,male,25-54
USA,2023,3.455498237398873,male,25-54
AUT,2005,6.5,female,55-64
AUT,2006,7,female,55-64
AUT,2007,6.9,female,55-64
AUT,2008,6.4,female,55-64
AUT,2009,6.9,female,55-64
AUT,2010,0.390122575177401,female,55-64
AUT,2011,0.6464672416850628,female,55-64
AUT,2012,0.3282412500410185,female,55-64
AUT,2013,0.5067983094254171,female,55-64
AUT,2014,0.3947443585057352,female,55-64
AUT,2015,0.3889862403848816,female,55-64
AUT,2016,0.4171862732522074,female,55-64
AUT,2017,0.6199938521444087,female,55-64
AUT,2018,0.5258470282063425,female,55-64
AUT,2019,0.3040784425094863,female,55-64
AUT,2020,0.2840895791324201,female,55-64
AUT,2021,0.4562058350586097,female,55-64
AUT,2022,0.3660352773840251,female,55-64
AUT,2023,0.2834643006829283,female,55-64
BEL,2005,4.2,female,55-64
BEL,2006,3.5,female,55-64
BEL,2007,4.1,female,55-64
BEL,2008,3.4,female,55-64
BEL,2009,3.6,female,55-64
BEL,2010,4.14540019249111,female,55-64
BEL,2011,4.246747056290864,female,55-64
BEL,2012,3.67803652094821,female,55-64
BEL,2013,3.664195250263115,female,55-64
BEL,2014,3.945513153593665,female,55-64
BEL,2015,4.071113004238546,female,55-64
BEL,2016,3.910793617896072,female,55-64
BEL,2017,4.771246554240579,female,55-64
BEL,2018,3.775192756066143,female,55-64
BEL,2019,3.782483304906035,female,55-64
BEL,2020,3.099550102668021,female,55-64
BEL,2021,6.721816913392664,female,55-64
BEL,2022,6.52633801908076,female,55-64
BEL,2023,8.259319534727378,female,55-64
CHE,2005,18.7,female,55-64
CHE,2006,16.2,female,55-64
CHE,2007,20,female,55-64
CHE,2008,22.3,female,55-64
CHE,2009,18.8,female,55-64
CHE,2010,0.3832664857009587,female,55-64
CHE,2011,0.4241223154921073,female,55-64
CHE,2012,0.5003036490728393,female,55-64
CHE,2013,0.6055621934854439,female,55-64
CHE,2014,0.65820349921029,female,55-64
CHE,2015,0.576663882782019,female,55-64
CHE,2016,0.4574618448668173,female,55-64
CHE,2017,0.7096625491362499,female,55-64
CHE,2018,0.5787082456829568,female,55-64
CHE,2019,0.5559555792340517,female,55-64
CHE,2020,0.6536561815389289,female,55-64
CHE,2021,0.8232522813470446,female,55-64
CHE,2022,0.7551528682869255,female,55-64
CHE,2023,0.9651101096183804,female,55-64
CRI,2005,0.9,female,55-64
CRI,2006,0,female,55-64
CRI,2007,1.2,female,55-64
CRI,2008,1.4,female,55-64
CRI,2009,0.4,female,55-64
CRI,2010,1.505960881872674,female,55-64
CRI,2011,2.149111204310095,female,55-64
CRI,2012,4.230537510963868,female,55-64
CRI,2013,5.011431451137701,female,55-64
CRI,2014,4.249744321355827,female,55-64
CRI,2015,2.498109201068276,female,55-64
CRI,2016,1.506622055072125,female,55-64
CRI,2017,0.8622644471448756,female,55-64
CRI,2018,1.524450673915506,female,55-64
CRI,2019,2.231032128079617,female,55-64
CRI,2020,1.600410870181763,female,55-64
CRI,2021,1.471704258884288,female,55-64
CRI,2022,1.838167040777701,female,55-64
CRI,2023,1.31690199757399,female,55-64
DEU,2005,2.5,female,55-64
DEU,2006,2.3,female,55-64
DEU,2007,2.7,female,55-64
DEU,2008,3,female,55-64
DEU,2009,3,female,55-64
DEU,2010,3.287439293263386,female,55-64
DEU,2011,2.778447551111783,female,55-64
DEU,2012,2.872715045331801,female,55-64
DEU,2013,2.97692970064278,female,55-64
DEU,2014,2.956743044436477,female,55-64
DEU,2015,3.294113342662615,female,55-64
DEU,2016,3.493250022232482,female,55-64
DEU,2017,3.366911201171485,female,55-64
DEU,2018,3.325495078929731,female,55-64
DEU,2019,3.594702240308909,female,55-64
DEU,2020,2.751160145073777,female,55-64
DEU,2021,3.036033751646412,female,55-64
DEU,2022,3.664391185845299,female,55-64
DEU,2023,3.731782687852623,female,55-64
DNK,2005,23.2,female,55-64
DNK,2006,27.7,female,55-64
DNK,2007,28.4,female,55-64
DNK,2008,29.6,female,55-64
DNK,2009,32,female,55-64
DNK,2010,32.61864943981317,female,55-64
DNK,2011,31.58433765127779,female,55-64
DNK,2012,30.50703396810614,female,55-64
DNK,2013,29.75788624241624,female,55-64
DNK,2014,30.73575216796613,female,55-64
DNK,2015,30.6308735190772,female,55-64
DNK,2016,26.41209569609644,female,55-64
DNK,2017,24.11190368858738,female,55-64
DNK,2018,21.32262751939301,female,55-64
DNK,2019,23.44269456118829,female,55-64
DNK,2020,17.32142508379368,female,55-64
DNK,2021,19.37374046643421,female,55-64
DNK,2022,25.89662598824751,female,55-64
DNK,2023,29.86052279807643,female,55-64
ESP,2005,5.4,female,55-64
ESP,2006,6.1,female,55-64
ESP,2007,6.4,female,55-64
ESP,2008,6.6,female,55-64
ESP,2009,6.4,female,55-64
ESP,2010,6.1700702352293,female,55-64
ESP,2011,6.017171324392293,female,55-64
ESP,2012,6.293093048091205,female,55-64
ESP,2013,6.249043976343091,female,55-64
ESP,2014,4.560038316269035,female,55-64
ESP,2015,4.43636233838079,female,55-64
ESP,2016,4.128440022977021,female,55-64
ESP,2017,4.444869468245547,female,55-64
ESP,2018,5.161804663148916,female,55-64
ESP,2019,5.206369999354316,female,55-64
ESP,2020,5.418852708124924,female,55-64
ESP,2021,7.612312261190028,female,55-64
ESP,2022,8.382670611114264,female,55-64
ESP,2023,9.677205219481555,female,55-64
FIN,2005,14.4,female,55-64
FIN,2006,14.9,female,55-64
FIN,2007,14.6,female,55-64
FIN,2008,16.8,female,55-64
FIN,2009,15.8,female,55-64
FIN,2010,16.62698622861118,female,55-64
FIN,2011,16.601437462556,female,55-64
FIN,2012,18.39872622651659,female,55-64
FIN,2013,18.75123089082001,female,55-64
FIN,2014,19.04523386877517,female,55-64
FIN,2015,21.10631167074503,female,55-64
FIN,2016,20.48577600279119,female,55-64
FIN,2017,21.1127851915778,female,55-64
FIN,2018,24.80981761690918,female,55-64
FIN,2019,23.90715211095741,female,55-64
FIN,2020,20.43023473269762,female,55-64
FIN,2021,23.50775385126035,female,55-64
FIN,2022,18.66900370450752,female,55-64
FIN,2023,18.94885973088734,female,55-64
GBR,2005,14.3,female,55-64
GBR,2006,12.6,female,55-64
GBR,2007,16.5,female,55-64
GBR,2008,15.6,female,55-64
GBR,2009,14.6,female,55-64
GBR,2010,2.417932679265211,female,55-64
GBR,2011,2.414157962338817,female,55-64
GBR,2012,1.922834133506065,female,55-64
GBR,2013,2.045873513435745,female,55-64
GBR,2014,2.149967350870299,female,55-64
GBR,2015,2.078188268604841,female,55-64
GBR,2016,2.023982597148517,female,55-64
GBR,2017,1.771244882575433,female,55-64
GBR,2018,1.940544197061334,female,55-64
GBR,2019,1.783273979893468,female,55-64
GBR,2020,2.240159669206136,female,55-64
GBR,2021,1.879119586785962,female,55-64
GBR,2022,2.079238066317886,female,55-64
GBR,2023,1.738626334034862,female,55-64
HUN,2005,0.3,female,55-64
HUN,2006,0.3,female,55-64
HUN,2007,0.4,female,55-64
HUN,2008,0.2,female,55-64
HUN,2009,0.3,female,55-64
HUN,2010,0.2865988183945682,female,55-64
HUN,2011,0.4479712556353823,female,55-64
HUN,2012,0.542410082142194,female,55-64
HUN,2013,0.6735282282226382,female,55-64
HUN,2014,1.182004525975739,female,55-64
HUN,2015,3.135590177370404,female,55-64
HUN,2016,3.4621252022594,female,55-64
HUN,2017,2.929915490890067,female,55-64
HUN,2018,2.861591155796167,female,55-64
HUN,2019,2.358470510547881,female,55-64
HUN,2020,2.202750587085371,female,55-64
HUN,2021,2.77127327096638,female,55-64
HUN,2022,5.297011440396973,female,55-64
HUN,2023,7.304653081735678,female,55-64
IRL,2005,5,female,55-64
IRL,2006,5.1,female,55-64
IRL,2007,4.7,female,55-64
IRL,2008,4.3,female,55-64
IRL,2009,3.5,female,55-64
IRL,2010,4.239454209041664,female,55-64
IRL,2011,3.947691575021414,female,55-64
IRL,2012,3.684201833788877,female,55-64
IRL,2013,4.257741290311191,female,55-64
IRL,2014,3.896804902804559,female,55-64
IRL,2015,3.456159157725184,female,55-64
IRL,2016,3.332290495173883,female,55-64
IRL,2017,6.314787271903406,female,55-64
IRL,2018,10.24210383560869,female,55-64
IRL,2019,10.66544813885931,female,55-64
IRL,2020,8.129475271067676,female,55-64
IRL,2021,9.044862795705583,female,55-64
IRL,2022,9.221159721300024,female,55-64
IRL,2023,11.85244940030199,female,55-64
ISL,2005,17.9,female,55-64
ISL,2006,21.7,female,55-64
ISL,2007,19.8,female,55-64
ISL,2008,17.8,female,55-64
ISL,2009,17.3,female,55-64
ISL,2010,18.85443709401835,female,55-64
ISL,2011,21.37471957472862,female,55-64
ISL,2012,22.21087270216705,female,55-64
ISL,2013,21.71643793822797,female,55-64
ISL,2014,23.04298193931047,female,55-64
ISL,2015,22.67463871897943,female,55-64
ISL,2016,18.85270088979466,female,55-64
ISL,2017,15.82963750598086,female,55-64
ISL,2018,15.82304763247973,female,55-64
ISL,2019,18.01964768839243,female,55-64
ISL,2020,13.07277884187284,female,55-64
ISL,2021,17.56401858883177,female,55-64
ISL,2022,19.50020183579757,female,55-64
ISL,2023,19.44167218903124,female,55-64
ITA,2005,1.6,female,55-64
ITA,2006,1.7,female,55-64
ITA,2007,2,female,55-64
ITA,2008,2.2,female,55-64
ITA,2009,2.4,female,55-64
ITA,2010,2.588074462372659,female,55-64
ITA,2011,2.714573107464982,female,55-64
ITA,2012,3.358971004599196,female,55-64
ITA,2013,3.106850791938289,female,55-64
ITA,2014,4.629742324769955,female,55-64
ITA,2015,4.174278093266932,female,55-64
ITA,2016,5.233010125312572,female,55-64
ITA,2017,5.078587336217763,female,55-64
ITA,2018,5.235640713013689,female,55-64
ITA,2019,4.996306831432672,female,55-64
ITA,2020,4.17026246491381,female,55-64
ITA,2021,5.644682386297937,female,55-64
ITA,2022,5.421353897015421,female,55-64
ITA,2023,7.11603790360439,female,55-64
LTU,2005,1.8,female,55-64
LTU,2006,1.6,female,55-64
LTU,2007,2.2,female,55-64
LTU,2008,1.2,female,55-64
LTU,2009,0.8,female,55-64
LTU,2010,0.9956982656891032,female,55-64
LTU,2011,2.725165630441743,female,55-64
LTU,2012,2.854335489612783,female,55-64
LTU,2013,3.277883514005009,female,55-64
LTU,2014,3.25182946171291,female,55-64
LTU,2015,4.075383030614751,female,55-64
LTU,2016,4.134861673144433,female,55-64
LTU,2017,4.483339378279689,female,55-64
LTU,2018,5.860419842687298,female,55-64
LTU,2019,5.737706353546034,female,55-64
LTU,2020,5.69459744965265,female,55-64
LTU,2021,6.183706401384851,female,55-64
LTU,2022,6.900057714995405,female,55-64
LTU,2023,9.573263432044827,female,55-64
LUX,2005,3.1,female,55-64
LUX,2006,3.9,female,55-64
LUX,2007,3.2,female,55-64
LUX,2008,3,female,55-64
LUX,2009,6.6,female,55-64
LUX,2010,6.217813112143912,female,55-64
LUX,2011,5.471746906113015,female,55-64
LUX,2012,6.275687346443359,female,55-64
LUX,2013,4.529184982818489,female,55-64
LUX,2014,5.477921266578497,female,55-64
LUX,2015,5.283706601648753,female,55-64
LUX,2016,6.391445714936441,female,55-64
LUX,2017,6.417950846505816,female,55-64
LUX,2018,6.19671578034994,female,55-64
LUX,2019,6.688969233779065,female,55-64
LUX,2020,6.27078510373456,female,55-64
LUX,2021,5.485478592920185,female,55-64
LUX,2022,6.337521069622579,female,55-64
LUX,2023,5.647346563046496,female,55-64
LVA,2005,4.3,female,55-64
LVA,2006,2.3,female,55-64
LVA,2007,3,female,55-64
LVA,2008,2.7,female,55-64
LVA,2009,2,female,55-64
LVA,2010,2.004056662090803,female,55-64
LVA,2011,2.917913481165359,female,55-64
LVA,2012,5.341801665822263,female,55-64
LVA,2013,3.912960809883472,female,55-64
LVA,2014,2.372428593967856,female,55-64
LVA,2015,3.596284713441349,female,55-64
LVA,2016,4.66529675850002,female,55-64
LVA,2017,2.604840425717094,female,55-64
LVA,2018,3.916873348291495,female,55-64
LVA,2019,3.435831187589053,female,55-64
LVA,2020,2.420118604093734,female,55-64
LVA,2021,7.235293917295424,female,55-64
LVA,2022,9.502454538398524,female,55-64
LVA,2023,9.07061021889765,female,55-64
MEX,2005,0.7,female,55-64
MEX,2006,0.7,female,55-64
MEX,2007,0.6,female,55-64
MEX,2008,0.6,female,55-64
MEX,2009,0.7,female,55-64
MEX,2010,0.6209428100989564,female,55-64
MEX,2011,0.5297339184832733,female,55-64
MEX,2012,0.5977584847091103,female,55-64
MEX,2013,0.5358519226250806,female,55-64
MEX,2014,0.6154368753118038,female,55-64
MEX,2015,0.7768058780213234,female,55-64
MEX,2016,0.6718077857751095,female,55-64
MEX,2017,0.6329352225061295,female,55-64
MEX,2018,0.5304662283780469,female,55-64
MEX,2019,0.5035559460902824,female,55-64
MEX,2020,0.3369922687437891,female,55-64
MEX,2021,0.3801602430070065,female,55-64
MEX,2022,0.4306941766902393,female,55-64
MEX,2023,0.4014935184080063,female,55-64
NLD,2005,7.8,female,55-64
NLD,2006,6.6,female,55-64
NLD,2007,7.8,female,55-64
NLD,2008,6.9,female,55-64
NLD,2009,7.1,female,55-64
NLD,2010,9.158377965748246,female,55-64
NLD,2011,8.945970646993171,female,55-64
NLD,2012,10.19784521371941,female,55-64
NLD,2013,11.0045103019163,female,55-64
NLD,2014,11.90572273035654,female,55-64
NLD,2015,12.40668316439754,female,55-64
NLD,2016,12.60423939188022,female,55-64
NLD,2017,13.29915431056164,female,55-64
NLD,2018,12.34349407792248,female,55-64
NLD,2019,13.23372908325097,female,55-64
NLD,2020,12.0488810707102,female,55-64
NLD,2021,18.28881969768442,female,55-64
NLD,2022,18.94253034513937,female,55-64
NLD,2023,19.41989582880215,female,55-64
NOR,2005,9.2,female,55-64
NOR,2006,10.7,female,55-64
NOR,2007,11.3,female,55-64
NOR,2008,10.9,female,55-64
NOR,2009,9.4,female,55-64
NOR,2010,10.41681895300686,female,55-64
NOR,2011,9.51078392873446,female,55-64
NOR,2012,12.33447813599956,female,55-64
NOR,2013,11.73075095022597,female,55-64
NOR,2014,11.10003548667537,female,55-64
NOR,2015,12.56888292012659,female,55-64
NOR,2016,12.04930663600527,female,55-64
NOR,2017,10.84765645773791,female,55-64
NOR,2018,12.4644863222514,female,55-64
NOR,2019,10.96280019742292,female,55-64
NOR,2020,10.73390076183761,female,55-64
NOR,2021,12.95952344691141,female,55-64
NOR,2022,15.20068663059193,female,55-64
NOR,2023,14.87210760844942,female,55-64
PRT,2005,0.6,female,55-64
PRT,2006,0.8,female,55-64
PRT,2007,1,female,55-64
PRT,2008,1,female,55-64
PRT,2009,1.4,female,55-64
PRT,2010,1.287822539337681,female,55-64
PRT,2011,4.988585537967773,female,55-64
PRT,2012,4.668505762520526,female,55-64
PRT,2013,4.370358362438012,female,55-64
PRT,2014,4.284005582898989,female,55-64
PRT,2015,4.299246899745642,female,55-64
PRT,2016,4.523339189303385,female,55-64
PRT,2017,4.4938602571258,female,55-64
PRT,2018,5.549486198340422,female,55-64
PRT,2019,5.871967415634724,female,55-64
PRT,2020,4.835743172486573,female,55-64
PRT,2021,6.964114010991283,female,55-64
PRT,2022,7.982167127829831,female,55-64
PRT,2023,8.777632099334816,female,55-64
ROU,2005,0,female,55-64
ROU,2006,0,female,55-64
ROU,2007,0,female,55-64
ROU,2008,0.1,female,55-64
ROU,2009,0.1,female,55-64
ROU,2010,0.0383366827599436,female,55-64
ROU,2011,0.1522115619681002,female,55-64
ROU,2012,0.1360729713621091,female,55-64
ROU,2013,0.2966986729000603,female,55-64
ROU,2014,0.2013716952330376,female,55-64
ROU,2015,0.2123317164573056,female,55-64
ROU,2016,0.161724309612322,female,55-64
ROU,2017,0.1707311750702878,female,55-64
ROU,2018,0.1408862381288889,female,55-64
ROU,2019,0.2365821601555425,female,55-64
ROU,2020,0.2545287618957988,female,55-64
ROU,2021,2.04825249795084,female,55-64
ROU,2022,2.381802572374894,female,55-64
ROU,2023,3.349592553860873,female,55-64
SVN,2005,6.8,female,55-64
SVN,2006,6.4,female,55-64
SVN,2007,6.4,female,55-64
SVN,2008,6.6,female,55-64
SVN,2009,7,female,55-64
SVN,2010,7.658701440641781,female,55-64
SVN,2011,8.495556251946915,female,55-64
SVN,2012,8.042789023708673,female,55-64
SVN,2013,7.0407693483751,female,55-64
SVN,2014,6.423560978893406,female,55-64
SVN,2015,4.823056606568002,female,55-64
SVN,2016,5.712360664732617,female,55-64
SVN,2017,8.030240213114121,female,55-64
SVN,2018,7.684806467305615,female,55-64
SVN,2019,7.206937435928036,female,55-64
SVN,2020,4.360693113175894,female,55-64
SVN,2021,11.01390763911465,female,55-64
SVN,2022,14.50179412986842,female,55-64
SVN,2023,12.68316651405059,female,55-64
SWE,2005,16.3,female,55-64
SWE,2006,16.2,female,55-64
SWE,2007,15.9,female,55-64
SWE,2008,19.9,female,55-64
SWE,2009,20.4,female,55-64
SWE,2010,21.66496154147038,female,55-64
SWE,2011,22.80278213794475,female,55-64
SWE,2012,24.56266698471889,female,55-64
SWE,2013,26.25644120870267,female,55-64
SWE,2014,26.93013081344575,female,55-64
SWE,2015,27.7159685073904,female,55-64
SWE,2016,27.33544595378159,female,55-64
SWE,2017,28.29012015524798,female,55-64
SWE,2018,29.45336626739183,female,55-64
SWE,2019,32.04360759427431,female,55-64
SWE,2020,24.80332014027106,female,55-64
SWE,2021,30.63601085104766,female,55-64
SWE,2022,33.95375284728645,female,55-64
SWE,2023,37.60402488204237,female,55-64
USA,2005,0.2,female,55-64
USA,2006,0.2,female,55-64
USA,2007,0.2,female,55-64
USA,2008,0.1,female,55-64
USA,2009,0.2,female,55-64
USA,2010,0.1976787914905013,female,55-64
USA,2011,0.2314087526259058,female,55-64
USA,2012,0.2577888570801184,female,55-64
USA,2013,0.2282010620834788,female,55-64
USA,2014,0.2008452128333778,female,55-64
USA,2015,0.1846148286375886,female,55-64
USA,2016,0.200315310069717,female,55-64
USA,2017,0.185550002703089,female,55-64
USA,2018,0.238430869788516,female,55-64
USA,2019,0.1880901110329167,female,55-64
USA,2020,0.2061144599709985,female,55-64
USA,2021,0.155977655072774,female,55-64
USA,2022,0.1742414168869214,female,55-64
USA,2023,0.1826595482648325,female,55-64
AUT,2005,5,male,55-64
AUT,2006,5.9,male,55-64
AUT,2007,4.9,male,55-64
AUT,2008,4.9,male,55-64
AUT,2009,5.6,male,55-64
AUT,2010,0.3616608386009191,male,55-64
AUT,2011,0.3224374466484987,male,55-64
AUT,2012,0.2692910804725518,male,55-64
AUT,2013,0.2557723192274419,male,55-64
AUT,2014,0.3522108747585161,male,55-64
AUT,2015,0.3411140728819857,male,55-64
AUT,2016,0.3348358839228441,male,55-64
AUT,2017,0.3194161711001198,male,55-64
AUT,2018,0.3185518974932084,male,55-64
AUT,2019,0.3298430541922959,male,55-64
AUT,2020,0.2516852799022149,male,55-64
AUT,2021,0.1810449429949831,male,55-64
AUT,2022,0.2567648322223027,male,55-64
AUT,2023,0.3265835171760628,male,55-64
BEL,2005,4.1,male,55-64
BEL,2006,3.7,male,55-64
BEL,2007,3.7,male,55-64
BEL,2008,3.4,male,55-64
BEL,2009,3.3,male,55-64
BEL,2010,3.944512173997027,male,55-64
BEL,2011,3.768507268510974,male,55-64
BEL,2012,3.565849015167056,male,55-64
BEL,2013,4.142518137550303,male,55-64
BEL,2014,3.680704620413464,male,55-64
BEL,2015,3.965015409873317,male,55-64
BEL,2016,3.378910541142382,male,55-64
BEL,2017,4.208653460937333,male,55-64
BEL,2018,3.318682176684992,male,55-64
BEL,2019,3.937796143030184,male,55-64
BEL,2020,2.69583775060419,male,55-64
BEL,2021,7.102378779557853,male,55-64
BEL,2022,7.386309436125872,male,55-64
BEL,2023,8.037640519489994,male,55-64
CHE,2005,18.9,male,55-64
CHE,2006,13.6,male,55-64
CHE,2007,19,male,55-64
CHE,2008,19.7,male,55-64
CHE,2009,15.7,male,55-64
CHE,2010,0.3306675769003839,male,55-64
CHE,2011,0.1673881607909515,male,55-64
CHE,2012,0.2143376877101922,male,55-64
CHE,2013,0.3589281061519275,male,55-64
CHE,2014,0.3719863944559039,male,55-64
CHE,2015,0.3945946199994561,male,55-64
CHE,2016,0.4132728807741087,male,55-64
CHE,2017,0.537969732434701,male,55-64
CHE,2018,0.4253153205191681,male,55-64
CHE,2019,0.3016211481736639,male,55-64
CHE,2020,0.3559426502655283,male,55-64
CHE,2021,0.4855595253941172,male,55-64
CHE,2022,0.5981069125876424,male,55-64
CHE,2023,0.8232008577665585,male,55-64
CRI,2005,0,male,55-64
CRI,2006,0,male,55-64
CRI,2007,0.7,male,55-64
CRI,2008,0.5,male,55-64
CRI,2009,0.7,male,55-64
CRI,2010,0.8601107523052933,male,55-64
CRI,2011,0.9476702001521936,male,55-64
CRI,2012,1.059232235899419,male,55-64
CRI,2013,0.9299012585017156,male,55-64
CRI,2014,2.033268956637698,male,55-64
CRI,2015,2.022206500575919,male,55-64
CRI,2016,0.7407133856611139,male,55-64
CRI,2017,0.742489556722974,male,55-64
CRI,2018,0.8040631476808837,male,55-64
CRI,2019,1.230040008414985,male,55-64
CRI,2020,1.009095245610644,male,55-64
CRI,2021,0.8552320633101318,male,55-64
CRI,2022,0.6269545158305793,male,55-64
CRI,2023,0.5638045489171837,male,55-64
DEU,2005,2.7,male,55-64
DEU,2006,2.4,male,55-64
DEU,2007,2.7,male,55-64
DEU,2008,3,male,55-64
DEU,2009,2.8,male,55-64
DEU,2010,2.621986653700415,male,55-64
DEU,2011,3.428947694121841,male,55-64
DEU,2012,2.909987231266648,male,55-64
DEU,2013,2.771923459728928,male,55-64
DEU,2014,2.899330903458011,male,55-64
DEU,2015,2.883394326420504,male,55-64
DEU,2016,3.40390590548061,male,55-64
DEU,2017,3.087445532018758,male,55-64
DEU,2018,3.025404505251241,male,55-64
DEU,2019,3.051179371219046,male,55-64
DEU,2020,2.489546691381619,male,55-64
DEU,2021,2.519708525471373,male,55-64
DEU,2022,2.8686431611557772,male,55-64
DEU,2023,2.825125822853303,male,55-64
DNK,2005,14.5,male,55-64
DNK,2006,15.9,male,55-64
DNK,2007,15.9,male,55-64
DNK,2008,15.8,male,55-64
DNK,2009,17.7,male,55-64
DNK,2010,17.51667397469591,male,55-64
DNK,2011,16.42680452676489,male,55-64
DNK,2012,17.23766132761155,male,55-64
DNK,2013,16.03891662892966,male,55-64
DNK,2014,16.70409567686842,male,55-64
DNK,2015,16.68099106375317,male,55-64
DNK,2016,14.1910242746049,male,55-64
DNK,2017,13.21527219175806,male,55-64
DNK,2018,11.28859264722763,male,55-64
DNK,2019,13.11847918904103,male,55-64
DNK,2020,9.832234927858238,male,55-64
DNK,2021,11.00643994009507,male,55-64
DNK,2022,16.1432075495371,male,55-64
DNK,2023,18.26188010495814,male,55-64
ESP,2005,3.3,male,55-64
ESP,2006,3.2,male,55-64
ESP,2007,4.1,male,55-64
ESP,2008,4.4,male,55-64
ESP,2009,4.5,male,55-64
ESP,2010,3.905236613404258,male,55-64
ESP,2011,3.989754598096902,male,55-64
ESP,2012,4.137155529006286,male,55-64
ESP,2013,4.30750462145646,male,55-64
ESP,2014,3.435641304410098,male,55-64
ESP,2015,3.447499913743803,male,55-64
ESP,2016,3.314968102976673,male,55-64
ESP,2017,3.766498324411462,male,55-64
ESP,2018,4.158955022448561,male,55-64
ESP,2019,4.344223431611122,male,55-64
ESP,2020,4.411133888381388,male,55-64
ESP,2021,6.124834697444107,male,55-64
ESP,2022,7.496340836634952,male,55-64
ESP,2023,7.996049795444406,male,55-64
FIN,2005,10.5,male,55-64
FIN,2006,10.6,male,55-64
FIN,2007,11,male,55-64
FIN,2008,8.6,male,55-64
FIN,2009,9.5,male,55-64
FIN,2010,9.75765747876463,male,55-64
FIN,2011,10.28254050782552,male,55-64
FIN,2012,10.3887717728634,male,55-64
FIN,2013,10.54956892244961,male,55-64
FIN,2014,11.31470082664411,male,55-64
FIN,2015,12.18092929070636,male,55-64
FIN,2016,12.81171490078248,male,55-64
FIN,2017,12.73706018893302,male,55-64
FIN,2018,12.716666451683,male,55-64
FIN,2019,14.59771512682646,male,55-64
FIN,2020,12.55190537338416,male,55-64
FIN,2021,14.92651180305652,male,55-64
FIN,2022,14.75803758536051,male,55-64
FIN,2023,12.02409473848995,male,55-64
GBR,2005,11.4,male,55-64
GBR,2006,9.9,male,55-64
GBR,2007,9.3,male,55-64
GBR,2008,9.4,male,55-64
GBR,2009,10.3,male,55-64
GBR,2010,1.778076021344462,male,55-64
GBR,2011,1.529457955238605,male,55-64
GBR,2012,1.332592836717485,male,55-64
GBR,2013,1.291272050713071,male,55-64
GBR,2014,1.230625731060136,male,55-64
GBR,2015,1.295355308909109,male,55-64
GBR,2016,1.49221218320302,male,55-64
GBR,2017,1.355303263925644,male,55-64
GBR,2018,1.375695346244478,male,55-64
GBR,2019,1.413777979851253,male,55-64
GBR,2020,1.571842707622065,male,55-64
GBR,2021,1.353812673573912,male,55-64
GBR,2022,1.410889713131846,male,55-64
GBR,2023,1.247725272819379,male,55-64
HUN,2005,0.3,male,55-64
HUN,2006,0.2,male,55-64
HUN,2007,0.4,male,55-64
HUN,2008,0.3,male,55-64
HUN,2009,0.3,male,55-64
HUN,2010,0.4005630600459288,male,55-64
HUN,2011,0.5173541898349666,male,55-64
HUN,2012,0.5680604070252628,male,55-64
HUN,2013,0.545827712523326,male,55-64
HUN,2014,0.9743101773339772,male,55-64
HUN,2015,3.109020209522398,male,55-64
HUN,2016,2.776045126265576,male,55-64
HUN,2017,2.753524659830351,male,55-64
HUN,2018,2.338578970018824,male,55-64
HUN,2019,2.586511358253297,male,55-64
HUN,2020,1.660398132325876,male,55-64
HUN,2021,2.794174597744967,male,55-64
HUN,2022,3.867027780301064,male,55-64
HUN,2023,5.480226614128289,male,55-64
IRL,2005,3,male,55-64
IRL,2006,2.9,male,55-64
IRL,2007,3.1,male,55-64
IRL,2008,2.7,male,55-64
IRL,2009,2.5,male,55-64
IRL,2010,2.480122402852513,male,55-64
IRL,2011,2.642812833915597,male,55-64
IRL,2012,2.858536235535663,male,55-64
IRL,2013,2.833452650140917,male,55-64
IRL,2014,2.434299048808267,male,55-64
IRL,2015,2.331279979241694,male,55-64
IRL,2016,2.548663111210473,male,55-64
IRL,2017,4.122729043391655,male,55-64
IRL,2018,6.338927153170755,male,55-64
IRL,2019,6.426714188630182,male,55-64
IRL,2020,5.511766474826416,male,55-64
IRL,2021,5.689721971019954,male,55-64
IRL,2022,6.799557751487481,male,55-64
IRL,2023,8.299069090453893,male,55-64
ISL,2005,15.2,male,55-64
ISL,2006,14.5,male,55-64
ISL,2007,14.9,male,55-64
ISL,2008,15,male,55-64
ISL,2009,13.9,male,55-64
ISL,2010,13.438638911985,male,55-64
ISL,2011,16.99688538171059,male,55-64
ISL,2012,18.17112287992679,male,55-64
ISL,2013,15.34577704192375,male,55-64
ISL,2014,12.78871081831874,male,55-64
ISL,2015,13.69277730639777,male,55-64
ISL,2016,14.10528099126561,male,55-64
ISL,2017,12.68526652662396,male,55-64
ISL,2018,11.95663620912904,male,55-64
ISL,2019,12.44627460819562,male,55-64
ISL,2020,10.52597001755591,male,55-64
ISL,2021,13.0545708467749,male,55-64
ISL,2022,15.83154944698367,male,55-64
ISL,2023,16.30087577014019,male,55-64
ITA,2005,1.6,male,55-64
ITA,2006,2,male,55-64
ITA,2007,2.2,male,55-64
ITA,2008,2.2,male,55-64
ITA,2009,2.2,male,55-64
ITA,2010,2.451229951692644,male,55-64
ITA,2011,2.126732140792098,male,55-64
ITA,2012,2.700755957273306,male,55-64
ITA,2013,2.649974635944811,male,55-64
ITA,2014,4.307976341901679,male,55-64
ITA,2015,3.819121080681057,male,55-64
ITA,2016,4.997530728032512,male,55-64
ITA,2017,4.4454392362155994,male,55-64
ITA,2018,4.624361285955353,male,55-64
ITA,2019,4.49272224632807,male,55-64
ITA,2020,3.764083372882793,male,55-64
ITA,2021,6.50910382273927,male,55-64
ITA,2022,5.931101710818468,male,55-64
ITA,2023,7.538380890156771,male,55-64
LTU,2005,1.7,male,55-64
LTU,2006,1.4,male,55-64
LTU,2007,0.7,male,55-64
LTU,2008,0.7,male,55-64
LTU,2009,0.4,male,55-64
LTU,2010,0.8268704987313438,male,55-64
LTU,2011,1.295094399318029,male,55-64
LTU,2012,0.765024443636436,male,55-64
LTU,2013,1.091267318568525,male,55-64
LTU,2014,1.198885937002283,male,55-64
LTU,2015,1.865383313326521,male,55-64
LTU,2016,1.95961683345434,male,55-64
LTU,2017,2.315035653899029,male,55-64
LTU,2018,2.413224450635169,male,55-64
LTU,2019,2.130529124593992,male,55-64
LTU,2020,2.35161050050767,male,55-64
LTU,2021,2.966732611322619,male,55-64
LTU,2022,2.823308348721583,male,55-64
LTU,2023,4.092320875863102,male,55-64
LUX,2005,2.8,male,55-64
LUX,2006,2.5,male,55-64
LUX,2007,2.7,male,55-64
LUX,2008,2.3,male,55-64
LUX,2009,6.1,male,55-64
LUX,2010,5.75813981315868,male,55-64
LUX,2011,6.234592763839822,male,55-64
LUX,2012,5.692831392249788,male,55-64
LUX,2013,5.489141974182575,male,55-64
LUX,2014,5.603052664012305,male,55-64
LUX,2015,9.01181063070224,male,55-64
LUX,2016,9.609869756408909,male,55-64
LUX,2017,6.557148212533746,male,55-64
LUX,2018,9.124166391051451,male,55-64
LUX,2019,7.741736690456277,male,55-64
LUX,2020,7.194436146035975,male,55-64
LUX,2021,5.817358308636164,male,55-64
LUX,2022,5.669661939942922,male,55-64
LUX,2023,7.687006622896861,male,55-64
LVA,2005,0.9,male,55-64
LVA,2006,1.5,male,55-64
LVA,2007,0.8,male,55-64
LVA,2008,1.5,male,55-64
LVA,2009,1,male,55-64
LVA,2010,1.159104770948234,male,55-64
LVA,2011,1.37445909174098,male,55-64
LVA,2012,2.653475458088332,male,55-64
LVA,2013,2.724017927297565,male,55-64
LVA,2014,2.073178107386524,male,55-64
LVA,2015,1.40397241958838,male,55-64
LVA,2016,3.088482658674781,male,55-64
LVA,2017,2.824340858099815,male,55-64
LVA,2018,1.964765612617634,male,55-64
LVA,2019,3.433603653753865,male,55-64
LVA,2020,1.224706887119736,male,55-64
LVA,2021,2.006055009016422,male,55-64
LVA,2022,3.967444330384783,male,55-64
LVA,2023,4.468429053738157,male,55-64
MEX,2005,0.5,male,55-64
MEX,2006,0.5,male,55-64
MEX,2007,0.3,male,55-64
MEX,2008,0.3,male,55-64
MEX,2009,0.3,male,55-64
MEX,2010,0.399610516171041,male,55-64
MEX,2011,0.2807584396896815,male,55-64
MEX,2012,0.4845005033808097,male,55-64
MEX,2013,0.5047067796207354,male,55-64
MEX,2014,0.3845228169685446,male,55-64
MEX,2015,0.6228115144169118,male,55-64
MEX,2016,0.4693574766675032,male,55-64
MEX,2017,0.3744281325345132,male,55-64
MEX,2018,0.3388371148147374,male,55-64
MEX,2019,0.3038247766792392,male,55-64
MEX,2020,0.2631119114435964,male,55-64
MEX,2021,0.3879734213437034,male,55-64
MEX,2022,0.2781760824644507,male,55-64
MEX,2023,0.3164291890568264,male,55-64
NLD,2005,5.7,male,55-64
NLD,2006,5.3,male,55-64
NLD,2007,6.5,male,55-64
NLD,2008,6.5,male,55-64
NLD,2009,6.6,male,55-64
NLD,2010,7.432064877049147,male,55-64
NLD,2011,8.098388104548132,male,55-64
NLD,2012,8.960903198733448,male,55-64
NLD,2013,10.64035725910921,male,55-64
NLD,2014,11.45565655285873,male,55-64
NLD,2015,11.15577007013133,male,55-64
NLD,2016,11.83952823518935,male,55-64
NLD,2017,11.7593588472588,male,55-64
NLD,2018,11.52678250602123,male,55-64
NLD,2019,11.87601503389531,male,55-64
NLD,2020,12.01081839211462,male,55-64
NLD,2021,18.66608439798888,male,55-64
NLD,2022,19.04645657995408,male,55-64
NLD,2023,19.06719659037582,male,55-64
NOR,2005,8.9,male,55-64
NOR,2006,11.4,male,55-64
NOR,2007,10.2,male,55-64
NOR,2008,10.6,male,55-64
NOR,2009,8.5,male,55-64
NOR,2010,8.681926231026656,male,55-64
NOR,2011,8.85413889965754,male,55-64
NOR,2012,10.49150734787392,male,55-64
NOR,2013,10.57093120843934,male,55-64
NOR,2014,9.462128164009568,male,55-64
NOR,2015,11.19338133752785,male,55-64
NOR,2016,10.28126312800343,male,55-64
NOR,2017,10.93328195656055,male,55-64
NOR,2018,10.33297087569847,male,55-64
NOR,2019,11.44697599943392,male,55-64
NOR,2020,7.834858363497863,male,55-64
NOR,2021,11.9035507721461,male,55-64
NOR,2022,12.65117344411616,male,55-64
NOR,2023,10.6078685431613,male,55-64
PRT,2005,0.6,male,55-64
PRT,2006,0.6,male,55-64
PRT,2007,0.9,male,55-64
PRT,2008,0.9,male,55-64
PRT,2009,0.9,male,55-64
PRT,2010,1.153186822453447,male,55-64
PRT,2011,4.272160073950134,male,55-64
PRT,2012,3.53990439036754,male,55-64
PRT,2013,3.391321048270738,male,55-64
PRT,2014,3.468621286243555,male,55-64
PRT,2015,3.788608102145412,male,55-64
PRT,2016,4.146455770281235,male,55-64
PRT,2017,3.969317479635925,male,55-64
PRT,2018,4.354249422856822,male,55-64
PRT,2019,4.809307787607677,male,55-64
PRT,2020,4.473877281137423,male,55-64
PRT,2021,6.662341750413129,male,55-64
PRT,2022,8.44183970641647,male,55-64
PRT,2023,6.787474266767471,male,55-64
ROU,2005,0.1,male,55-64
ROU,2006,0.1,male,55-64
ROU,2007,0.1,male,55-64
ROU,2008,0.1,male,55-64
ROU,2009,0.1,male,55-64
ROU,2010,0.0494086846663129,male,55-64
ROU,2011,0.259801257519946,male,55-64
ROU,2012,0.213624782421129,male,55-64
ROU,2013,0.6237699959389111,male,55-64
ROU,2014,0.4477467387226532,male,55-64
ROU,2015,0.2150854518003671,male,55-64
ROU,2016,0.1932342060791399,male,55-64
ROU,2017,0.1877328594550422,male,55-64
ROU,2018,0.1634293806450705,male,55-64
ROU,2019,0.4523572635821617,male,55-64
ROU,2020,0.2634472029196815,male,55-64
ROU,2021,2.625050908780612,male,55-64
ROU,2022,3.103274492318294,male,55-64
ROU,2023,3.865158301699148,male,55-64
SVN,2005,4.9,male,55-64
SVN,2006,4.4,male,55-64
SVN,2007,4.2,male,55-64
SVN,2008,4.2,male,55-64
SVN,2009,5,male,55-64
SVN,2010,5.229598405515111,male,55-64
SVN,2011,5.114781386548604,male,55-64
SVN,2012,3.976369810607184,male,55-64
SVN,2013,3.876180848079712,male,55-64
SVN,2014,3.820353306220942,male,55-64
SVN,2015,3.200152253519224,male,55-64
SVN,2016,3.256222249547089,male,55-64
SVN,2017,3.768426661405139,male,55-64
SVN,2018,4.148067770823887,male,55-64
SVN,2019,4.740990241590795,male,55-64
SVN,2020,3.430372723462108,male,55-64
SVN,2021,9.537758734899825,male,55-64
SVN,2022,11.95356669660001,male,55-64
SVN,2023,10.11561999165896,male,55-64
SWE,2005,8.5,male,55-64
SWE,2006,7.7,male,55-64
SWE,2007,7.6,male,55-64
SWE,2008,9.6,male,55-64
SWE,2009,9.7,male,55-64
SWE,2010,11.64427067931566,male,55-64
SWE,2011,11.85400030111217,male,55-64
SWE,2012,12.5748378447848,male,55-64
SWE,2013,13.36605350607235,male,55-64
SWE,2014,13.79269430272075,male,55-64
SWE,2015,13.86441630254291,male,55-64
SWE,2016,14.49750447122632,male,55-64
SWE,2017,15.24519275077111,male,55-64
SWE,2018,15.33692409166816,male,55-64
SWE,2019,17.84077394148785,male,55-64
SWE,2020,13.39285205573204,male,55-64
SWE,2021,19.29534292357583,male,55-64
SWE,2022,21.19951254252854,male,55-64
SWE,2023,23.30555910248674,male,55-64
USA,2005,0.1,male,55-64
USA,2006,0.1,male,55-64
USA,2007,0.1,male,55-64
USA,2008,0.1,male,55-64
USA,2009,0.1,male,55-64
USA,2010,0.1631859235962438,male,55-64
USA,2011,0.1598050850400092,male,55-64
USA,2012,0.1392229550830787,male,55-64
USA,2013,0.1432503964451401,male,55-64
USA,2014,0.1327156513648119,male,55-64
USA,2015,0.1614509241189883,male,55-64
USA,2016,0.2083705794759595,male,55-64
USA,2017,0.2521709350947167,male,55-64
USA,2018,0.1758241236841271,male,55-64
USA,2019,0.2030234395905032,male,55-64
USA,2020,0.2124763267573141,male,55-64
USA,2021,0.1421381694795062,male,55-64
USA,2022,0.1437705562602482,male,55-64
USA,2023,0.1845295925665043,male,55-64
