﻿"Compare field name","Percentage of women","","","","","","","","",""
"Description","Calculated by dividing the current number of women by the current number of members.","","","","","","","","",""
"Reference period","2005","","","","","","","","",""
"Field Id","current_women_percent","","","","","","","","",""
"Data dictionary","https://data.ipu.org/data-dictionary/current_women_percent","","","","","","","","",""
"Structure","Only upper chambers","","","","","","","","",""
"Region","Any","","","","","","","","",""
"Publisher","Inter-Parliamentary Union","","","","","","","","",""
"Copyright and attribution","Inter-Parliamentary Union. Terms of use: https://www.ipu.org/terms-use","","","","","","","","",""
"Licence","This work is licensed under Creative Commons Attribution-NonCommercial-ShareAlike 4.0 International 

https://creativecommons.org/licenses/by-nc-sa/4.0/ ","","","","","","","","",""
"Website","https://data.ipu.org/compare/?chart=map&field=current_women_percent&file_format=csv&region=0&show_notes&structure=any__upper_chamber&year_to=2005","","","","","","","","",""
"URL","https://data.ipu.org/export-country-compare?chart=map&field=current_women_percent&file_format=csv&language=en&region=0&show_notes&structure=any__upper_chamber&year_to=2005","","","","","","","","",""
"API URL","http://api.data.ipu.org/v1/chambers?page[size]=1000000&page[number]=1&fields=current_women_percent%2Ccountry_code%2Cparliament%2Cparliament_country&filter=struct_parl_status.term%3Aeq%3Aupper_chamber","","","","","","","","",""
"Date accessed","2025-08-08 11:08:40","","","","","","","","",""
"
"
"ISO Code","Country","Chamber","Status","Percentage of women","Year","date_from","date_to","Notes","Structure","Chamber type"
"AF","Afghanistan","House of Elders","","22.5","","2005-09-01","2006-12-31","","Bicameral","Upper chamber"
"DZ","Algeria","Council of the Nation","","19.4","","2005-01-01","2006-11-30","","Bicameral","Upper chamber"
"AG","Antigua and Barbuda","Senate","","17.6","","2004-03-01","2006-12-31","","Bicameral","Upper chamber"
"AR","Argentina","Senate","","41.7","","2005-10-01","2005-12-31","","Bicameral","Upper chamber"
"AU","Australia","Senate","","35.5","","2004-10-01","2010-07-31","","Bicameral","Upper chamber"
"AT","Austria","Federal Council","","25.8","","2005-01-01","2006-09-30","","Bicameral","Upper chamber"
"BS","Bahamas","Senate","","43.8","","1998-01-01","2007-04-30","","Bicameral","Upper chamber"
"BH","Bahrain","Shura Council","","15.0","","2002-10-01","2005-12-31","","Bicameral","Upper chamber"
"BB","Barbados","Senate","","23.8","","2003-05-01","2008-01-31","","Bicameral","Upper chamber"
"BY","Belarus","Council of the Republic","","31.0","","2005-01-01","2005-12-31","","Bicameral","Upper chamber"
"BE","Belgium","Senate","","31.0","","2005-01-01","2007-05-31","","Bicameral","Upper chamber"
"BZ","Belize","Senate","","23.1","","2005-01-01","2008-01-31","","Bicameral","Upper chamber"
"BT","Bhutan","National Council","","No information available","","-","-","","Bicameral","Upper chamber"
"BO","Bolivia (Plurinational State of)","Chamber of Senators","","3.7","","2005-12-01","2009-11-30","","Bicameral","Upper chamber"
"BA","Bosnia and Herzegovina","House of Peoples","","0.0","","1998-09-01","2005-12-31","","Bicameral","Upper chamber"
"BR","Brazil","Federal Senate","","12.3","","2002-10-01","2006-09-30","","Bicameral","Upper chamber"
"BI","Burundi","Senate","","34.7","","2005-07-01","2008-12-31","","Bicameral","Upper chamber"
"KH","Cambodia","Senate","","13.1","","1999-01-01","2005-12-31","","Bicameral","Upper chamber"
"CM","Cameroon","Senate","","No information available","","-","-","","Bicameral","Upper chamber"
"CA","Canada","Senate","","35.5","","2005-01-01","2005-12-31","","Bicameral","Upper chamber"
"TD","Chad","Senate","","No information available","","-","-","","Unicameral","-"
"CL","Chile","Senate","","4.2","","2005-12-01","2005-12-31","","Bicameral","Upper chamber"
"CO","Colombia","Senate","","8.8","","2002-03-01","2006-02-28","","Bicameral","Upper chamber"
"CG","Congo","Senate","","13.3","","2005-10-01","2008-07-31","","Bicameral","Upper chamber"
"CI","Côte d'Ivoire","Senate","","No information available","","-","-","","Bicameral","Upper chamber"
"CZ","Czechia","Senate","","12.3","","2000-11-01","2006-10-31","","Bicameral","Upper chamber"
"CD","Democratic Republic of the Congo","Senate","","2.5","","2003-08-01","2006-12-31","","Bicameral","Upper chamber"
"DO","Dominican Republic","Senate","","3.1","","2002-05-01","2008-12-31","","Bicameral","Upper chamber"
"EG","Egypt","Senate","","No information available","","-","-","","Unicameral","-"
"GQ","Equatorial Guinea","Senate","","No information available","","-","-","","Bicameral","Upper chamber"
"SZ","Eswatini","Senate","","30.0","","2003-10-01","2008-09-30","","Bicameral","Upper chamber"
"ET","Ethiopia","House of the Federation","","18.8","","2005-05-01","2010-04-30","","Bicameral","Upper chamber"
"FR","France","Senate","","16.9","","2004-09-01","2006-12-31","","Bicameral","Upper chamber"
"GA","Gabon","Transitional Senate","","13.2","","2004-01-01","2008-12-31","","Bicameral","Upper chamber"
"DE","Germany","Federal Council","","18.8","","1997-01-01","2008-12-31","","Bicameral","Upper chamber"
"GD","Grenada","Senate","","30.8","","2003-11-01","2013-02-28","","Bicameral","Upper chamber"
"HT","Haiti","Senate","","25.9","","2000-05-01","2006-03-31","","Bicameral","Upper chamber"
"IN","India","Council of States","","11.4","","2005-01-01","2006-06-30","","Bicameral","Upper chamber"
"IE","Ireland","Senate","","16.7","","2002-07-01","2006-12-31","","Bicameral","Upper chamber"
"IT","Italy","Senate","","7.7","","2002-01-01","2005-12-31","","Bicameral","Upper chamber"
"JM","Jamaica","Senate","","19.0","","2002-10-01","2006-12-31","","Bicameral","Upper chamber"
"JP","Japan","House of Councillors","","14.0","","2005-01-01","2005-12-31","","Bicameral","Upper chamber"
"JO","Jordan","Senate","","10.9","","2005-01-01","2005-12-31","","Bicameral","Upper chamber"
"KZ","Kazakhstan","Senate","","5.1","","2005-08-01","2006-12-31","","Bicameral","Upper chamber"
"KE","Kenya","Senate","","No information available","","-","-","","Bicameral","Upper chamber"
"LS","Lesotho","Senate","","36.4","","2002-05-01","2006-12-31","","Bicameral","Upper chamber"
"LR","Liberia","The Liberian Senate","","16.7","","2005-10-01","2011-09-30","","Bicameral","Upper chamber"
"MG","Madagascar","Senate","","11.1","","2003-01-01","2008-03-31","","Bicameral","Upper chamber"
"MY","Malaysia","Senate","","25.7","","2004-03-01","2006-12-31","","Bicameral","Upper chamber"
"MR","Mauritania","Senate","","No information available","","-","-","","Unicameral","-"
"MX","Mexico","Senate","","21.9","","2005-01-01","2006-06-30","","Bicameral","Upper chamber"
"MA","Morocco","House of Councillors","","1.1","","2003-10-01","2009-09-30","","Bicameral","Upper chamber"
"MM","Myanmar","House of Nationalities","","No information available","","-","-","","Bicameral","Upper chamber"
"NA","Namibia","National Council","","26.9","","2004-11-01","2014-11-30","","Bicameral","Upper chamber"
"NP","Nepal","National Assembly","","8.3","","2001-06-01","2017-05-31","","Bicameral","Upper chamber"
"NL","Netherlands","Senate","","32.0","","2005-01-01","2007-04-30","","Bicameral","Upper chamber"
"NG","Nigeria","Senate","","3.7","","2005-01-01","2005-12-31","","Bicameral","Upper chamber"
"OM","Oman","State Council","","15.5","","2003-10-01","2007-10-31","","Bicameral","Upper chamber"
"PK","Pakistan","Senate","","18.0","","2003-03-01","2006-02-28","","Bicameral","Upper chamber"
"PW","Palau","Senate","","0.0","","2000-01-01","2008-10-31","","Bicameral","Upper chamber"
"PY","Paraguay","Senate","","9.8","","2004-01-01","2006-12-31","","Bicameral","Upper chamber"
"PH","Philippines","Senate","","17.4","","2004-01-01","2007-05-31","","Bicameral","Upper chamber"
"PL","Poland","Senate","","13.0","","2005-10-01","2007-09-30","","Bicameral","Upper chamber"
"RO","Romania","Senate","","9.5","","2004-12-01","2006-12-31","","Bicameral","Upper chamber"
"RU","Russian Federation","Council of the Federation","","5.6","","2003-12-01","2007-11-30","","Bicameral","Upper chamber"
"RW","Rwanda","Senate","","23.1","","2005-01-01","2011-08-31","","Bicameral","Upper chamber"
"LC","Saint Lucia","Senate","","36.4","","2001-12-01","2006-12-31","","Bicameral","Upper chamber"
"SI","Slovenia","National Council","","7.5","","2002-12-01","2007-10-31","","Bicameral","Upper chamber"
"SO","Somalia","Upper House","","No information available","","-","-","","Bicameral","Upper chamber"
"ZA","South Africa","National Council of Provinces","","20.0","","2005-01-01","2006-12-31","","Bicameral","Upper chamber"
"SS","South Sudan","Council of States","","No information available","","-","-","","Bicameral","Upper chamber"
"ES","Spain","Senate","","25.5","","2005-01-01","2008-02-29","","Bicameral","Upper chamber"
"SD","Sudan","Council of States","","4.0","","2005-08-01","2010-04-30","","Bicameral","Upper chamber"
"CH","Switzerland","Council of States","","23.9","","2003-10-01","2007-09-30","","Bicameral","Upper chamber"
"TJ","Tajikistan","National Assembly","","23.5","","2005-03-01","2005-12-31","","Bicameral","Upper chamber"
"TH","Thailand","Senate","","No information available","","-","-","","Unicameral","-"
"TG","Togo","Senate","","No information available","","-","-","","Unicameral","-"
"TT","Trinidad and Tobago","Senate","","32.3","","2001-01-01","2007-11-30","","Bicameral","Upper chamber"
"TN","Tunisia","National Council of Regions and Districts","","No information available","","-","-","","Unicameral","-"
"TM","Turkmenistan","People’s Council","","No information available","","-","-","","Unicameral","-"
"GB","United Kingdom","House of Lords","","17.5","","2005-01-01","2005-12-31","","Bicameral","Upper chamber"
"US","United States of America","Senate","","14.0","","2004-11-01","2006-10-31","","Bicameral","Upper chamber"
"UY","Uruguay","Senate","","9.7","","1999-01-01","2006-12-31","","Bicameral","Upper chamber"
"UZ","Uzbekistan","Senate","","15.0","","2005-01-01","2014-11-30","","Bicameral","Upper chamber"
"YE","Yemen","Shura Council","","1.8","","2001-04-01","2018-11-30","","Bicameral","Upper chamber"
"ZW","Zimbabwe","Senate","","31.8","","2005-11-01","2005-12-31","","Bicameral","Upper chamber"
