﻿"Compare field name","Percentage of women","","","","","","","","",""
"Description","Calculated by dividing the current number of women by the current number of members.","","","","","","","","",""
"Reference period","2025","","","","","","","","",""
"Field Id","current_women_percent","","","","","","","","",""
"Data dictionary","https://data.ipu.org/data-dictionary/current_women_percent","","","","","","","","",""
"Structure","Only upper chambers","","","","","","","","",""
"Region","Any","","","","","","","","",""
"Publisher","Inter-Parliamentary Union","","","","","","","","",""
"Copyright and attribution","Inter-Parliamentary Union. Terms of use: https://www.ipu.org/terms-use","","","","","","","","",""
"Licence","This work is licensed under Creative Commons Attribution-NonCommercial-ShareAlike 4.0 International 

https://creativecommons.org/licenses/by-nc-sa/4.0/ ","","","","","","","","",""
"Website","https://data.ipu.org/compare/?chart=map&field=current_women_percent&file_format=csv&region=0&show_notes&structure=any__upper_chamber&year_to=2025","","","","","","","","",""
"URL","https://data.ipu.org/export-country-compare?chart=map&field=current_women_percent&file_format=csv&language=en&region=0&show_notes&structure=any__upper_chamber&year_to=2025","","","","","","","","",""
"API URL","http://api.data.ipu.org/v1/chambers?page[size]=1000000&page[number]=1&fields=current_women_percent%2Ccountry_code%2Cparliament%2Cparliament_country&filter=struct_parl_status.term%3Aeq%3Aupper_chamber","","","","","","","","",""
"Date accessed","2025-08-08 11:08:52","","","","","","","","",""
"
"
"ISO Code","Country","Chamber","Status","Percentage of women","Year","date_from","date_to","Notes","Structure","Chamber type"
"AF","Afghanistan","House of Elders","Suspended","Not applicable","","2022-03-01","-","","Bicameral","Upper chamber"
"DZ","Algeria","Council of the Nation","","2.5","","2025-05-19","-","","Bicameral","Upper chamber"
"AG","Antigua and Barbuda","Senate","","41.2","","2023-02-01","-","","Bicameral","Upper chamber"
"AR","Argentina","Senate","","45.8","","2023-10-01","-","","Bicameral","Upper chamber"
"AU","Australia","Senate","","56.6","","2025-05-03","-","","Bicameral","Upper chamber"
"AT","Austria","Federal Council","","No information available","","-","-","","Bicameral","Upper chamber"
"BS","Bahamas","Senate","","31.3","","2024-10-17","-","","Bicameral","Upper chamber"
"BH","Bahrain","Shura Council","","25.0","","2022-11-01","-","","Bicameral","Upper chamber"
"BB","Barbados","Senate","","33.3","","2024-12-30","-","","Bicameral","Upper chamber"
"BY","Belarus","Council of the Republic","","30.5","","2024-04-01","-","","Bicameral","Upper chamber"
"BE","Belgium","Senate","","47.5","","2024-07-01","-","","Bicameral","Upper chamber"
"BZ","Belize","Senate","","35.7","","2025-05-09","-","","Bicameral","Upper chamber"
"BT","Bhutan","National Council","","12.0","","2023-04-01","-","","Bicameral","Upper chamber"
"BO","Bolivia (Plurinational State of)","Chamber of Senators","","55.6","","2020-10-01","-","","Bicameral","Upper chamber"
"BA","Bosnia and Herzegovina","House of Peoples","","6.7","","2024-12-30","-","","Bicameral","Upper chamber"
"BR","Brazil","Federal Senate","","19.8","","2024-12-30","-","","Bicameral","Upper chamber"
"BI","Burundi","Senate","","46.2","","2025-07-23","-","","Bicameral","Upper chamber"
"KH","Cambodia","Senate","","19.4","","2024-02-01","-","","Bicameral","Upper chamber"
"CM","Cameroon","Senate","","33.0","","2024-12-30","-","","Bicameral","Upper chamber"
"CA","Canada","Senate","","54.8","","2025-05-26","-","","Bicameral","Upper chamber"
"TD","Chad","Senate","","36.2","","2025-04-01","-","","Bicameral","Upper chamber"
"CL","Chile","Senate","","26.0","","2023-12-01","-","","Bicameral","Upper chamber"
"CO","Colombia","Senate","","31.4","","2024-07-24","-","","Bicameral","Upper chamber"
"CG","Congo","Senate","","31.9","","2023-08-01","-","","Bicameral","Upper chamber"
"CI","Côte d'Ivoire","Senate","","24.5","","2024-12-30","-","","Bicameral","Upper chamber"
"CZ","Czechia","Senate","","21.3","","2024-10-30","-","","Bicameral","Upper chamber"
"CD","Democratic Republic of the Congo","Senate","","15.8","","2024-04-01","-","","Bicameral","Upper chamber"
"DO","Dominican Republic","Senate","","12.5","","2024-05-01","-","","Bicameral","Upper chamber"
"EG","Egypt","Senate","","No information available","","-","-","","Bicameral","Upper chamber"
"GQ","Equatorial Guinea","Senate","","25.0","","2023-12-01","-","","Bicameral","Upper chamber"
"SZ","Eswatini","Senate","","46.7","","2023-12-01","-","","Bicameral","Upper chamber"
"ET","Ethiopia","House of the Federation","","29.7","","2023-12-01","-","","Bicameral","Upper chamber"
"FR","France","Senate","","37.1","","2024-12-30","-","","Bicameral","Upper chamber"
"GA","Gabon","Transitional Senate","","20.3","","2024-12-30","-","","Bicameral","Upper chamber"
"DE","Germany","Federal Council","","34.8","","2024-12-30","-","","Bicameral","Upper chamber"
"GD","Grenada","Senate","","30.8","","2022-08-01","-","","Bicameral","Upper chamber"
"HT","Haiti","Senate","","Not applicable","","2025-02-01","-","","Bicameral","Upper chamber"
"IN","India","Council of States","","16.7","","2024-09-16","-","","Bicameral","Upper chamber"
"IE","Ireland","Senate","","45.0","","2025-01-29","-","","Bicameral","Upper chamber"
"IT","Italy","Senate","","36.3","","2024-12-30","-","","Bicameral","Upper chamber"
"JM","Jamaica","Senate","","40.0","","2024-12-30","-","","Bicameral","Upper chamber"
"JP","Japan","House of Councillors","","29.4","","2025-07-20","-","","Bicameral","Upper chamber"
"JO","Jordan","Senate","","14.5","","2024-10-01","-","","Bicameral","Upper chamber"
"KZ","Kazakhstan","Senate","","20.0","","2024-12-30","-","","Bicameral","Upper chamber"
"KE","Kenya","Senate","","31.3","","2023-05-01","-","","Bicameral","Upper chamber"
"LS","Lesotho","Senate","","21.2","","2024-12-13","-","","Bicameral","Upper chamber"
"LR","Liberia","The Liberian Senate","","10.0","","2023-10-01","-","","Bicameral","Upper chamber"
"MG","Madagascar","Senate","","11.1","","2024-12-30","-","","Bicameral","Upper chamber"
"MY","Malaysia","Senate","","16.1","","2024-12-30","-","","Bicameral","Upper chamber"
"MR","Mauritania","Senate","Suspended","14.3","","2014-01-01","-","","Unicameral","-"
"MX","Mexico","Senate","","50.0","","2024-06-01","-","","Bicameral","Upper chamber"
"MA","Morocco","House of Councillors","","11.7","","2022-12-01","-","","Bicameral","Upper chamber"
"MM","Myanmar","House of Nationalities","Suspended","Not applicable","","2022-03-01","-","","Bicameral","Upper chamber"
"NA","Namibia","National Council","","14.3","","2020-12-01","-","","Bicameral","Upper chamber"
"NP","Nepal","National Assembly","","37.3","","2024-01-01","-","","Bicameral","Upper chamber"
"NL","Netherlands","Senate","","40.0","","2023-12-01","-","","Bicameral","Upper chamber"
"NG","Nigeria","Senate","","2.8","","2024-12-30","-","","Bicameral","Upper chamber"
"OM","Oman","State Council","","20.9","","2023-12-01","-","","Bicameral","Upper chamber"
"PK","Pakistan","Senate","","18.8","","2024-04-01","-","","Bicameral","Upper chamber"
"PW","Palau","Senate","","13.3","","2024-11-01","-","","Bicameral","Upper chamber"
"PY","Paraguay","Senate","","22.2","","2024-12-30","-","","Bicameral","Upper chamber"
"PH","Philippines","Senate","","20.8","","2025-05-12","-","","Bicameral","Upper chamber"
"PL","Poland","Senate","","19.0","","2023-10-01","-","","Bicameral","Upper chamber"
"RO","Romania","Senate","","20.9","","2025-07-08","-","","Bicameral","Upper chamber"
"RU","Russian Federation","Council of the Federation","","18.5","","2024-12-30","-","","Bicameral","Upper chamber"
"RW","Rwanda","Senate","","53.8","","2024-09-01","-","","Bicameral","Upper chamber"
"LC","Saint Lucia","Senate","","54.5","","2024-12-30","-","","Bicameral","Upper chamber"
"SI","Slovenia","National Council","","17.5","","2022-11-01","-","","Bicameral","Upper chamber"
"SO","Somalia","Upper House","","25.9","","2021-11-01","-","","Bicameral","Upper chamber"
"ZA","South Africa","National Council of Provinces","","44.4","","2024-06-01","-","","Bicameral","Upper chamber"
"SS","South Sudan","Council of States","","32.1","","2021-08-01","-","","Bicameral","Upper chamber"
"ES","Spain","Senate","","42.5","","2024-12-30","-","","Bicameral","Upper chamber"
"SD","Sudan","Council of States","Suspended","Not applicable","","2019-04-01","-","","Bicameral","Upper chamber"
"CH","Switzerland","Council of States","","33.3","","2025-06-02","-","","Bicameral","Upper chamber"
"TJ","Tajikistan","National Assembly","","30.3","","2025-03-28","-","","Bicameral","Upper chamber"
"TH","Thailand","Senate","","22.5","","2024-06-01","-","","Bicameral","Upper chamber"
"TG","Togo","Senate","","24.6","","2025-02-15","-","","Bicameral","Upper chamber"
"TT","Trinidad and Tobago","Senate","","25.8","","2025-05-23","-","","Bicameral","Upper chamber"
"TN","Tunisia","National Council of Regions and Districts","","13.0","","2024-04-19","-","","Bicameral","Upper chamber"
"TM","Turkmenistan","People’s Council","Suspended","25.5","","2021-12-01","-","","Unicameral","-"
"GB","United Kingdom","House of Lords","","31.0","","2025-03-12","-","","Bicameral","Upper chamber"
"US","United States of America","Senate","","26.0","","2025-01-21","-","","Bicameral","Upper chamber"
"UY","Uruguay","Senate","","No information available","","-","-","","Bicameral","Upper chamber"
"UZ","Uzbekistan","Senate","","24.6","","2024-11-01","-","","Bicameral","Upper chamber"
"YE","Yemen","Shura Council","","1.1","","2021-10-01","-","","Bicameral","Upper chamber"
"ZW","Zimbabwe","Senate","","44.3","","2024-12-30","-","","Bicameral","Upper chamber"
