﻿"Compare field name","Percentage of women","","","","","","","","",""
"Description","Calculated by dividing the current number of women by the current number of members.","","","","","","","","",""
"Reference period","1975","","","","","","","","",""
"Field Id","current_women_percent","","","","","","","","",""
"Data dictionary","https://data.ipu.org/data-dictionary/current_women_percent","","","","","","","","",""
"Structure","Only upper chambers","","","","","","","","",""
"Region","Any","","","","","","","","",""
"Publisher","Inter-Parliamentary Union","","","","","","","","",""
"Copyright and attribution","Inter-Parliamentary Union. Terms of use: https://www.ipu.org/terms-use","","","","","","","","",""
"Licence","This work is licensed under Creative Commons Attribution-NonCommercial-ShareAlike 4.0 International 

https://creativecommons.org/licenses/by-nc-sa/4.0/ ","","","","","","","","",""
"Website","https://data.ipu.org/compare/?chart=map&field=current_women_percent&file_format=csv&region=0&show_notes&structure=any__upper_chamber&year_to=1975","","","","","","","","",""
"URL","https://data.ipu.org/export-country-compare?chart=map&field=current_women_percent&file_format=csv&language=en&region=0&show_notes&structure=any__upper_chamber&year_to=1975","","","","","","","","",""
"API URL","http://api.data.ipu.org/v1/chambers?page[size]=1000000&page[number]=1&fields=current_women_percent%2Ccountry_code%2Cparliament%2Cparliament_country&filter=struct_parl_status.term%3Aeq%3Aupper_chamber","","","","","","","","",""
"Date accessed","2025-08-08 11:08:40","","","","","","","","",""
"
"
"ISO Code","Country","Chamber","Status","Percentage of women","Year","date_from","date_to","Notes","Structure","Chamber type"
"AF","Afghanistan","House of Elders","","0.0","","1965-07-01","1987-12-31","","Bicameral","Upper chamber"
"DZ","Algeria","Council of the Nation","","No information available","","-","-","","Bicameral","Upper chamber"
"AG","Antigua and Barbuda","Senate","","No information available","","-","-","","Bicameral","Upper chamber"
"AR","Argentina","Senate","","4.3","","1973-04-01","1983-09-30","","Bicameral","Upper chamber"
"AU","Australia","Senate","","9.4","","1975-01-01","1979-12-31","","Bicameral","Upper chamber"
"AT","Austria","Federal Council","","20.0","","1975-01-01","1978-12-31","","Bicameral","Upper chamber"
"BS","Bahamas","Senate","","0.0","","1973-01-01","1976-12-31","","Bicameral","Upper chamber"
"BH","Bahrain","Shura Council","","No information available","","-","-","","Bicameral","Upper chamber"
"BB","Barbados","Senate","","14.3","","1971-01-01","1980-12-31","","Bicameral","Upper chamber"
"BY","Belarus","Council of the Republic","","No information available","","-","-","","Bicameral","Upper chamber"
"BE","Belgium","Senate","","6.6","","1975-01-01","1977-12-31","","Bicameral","Upper chamber"
"BZ","Belize","Senate","","No information available","","-","-","","Bicameral","Upper chamber"
"BT","Bhutan","National Council","","No information available","","-","-","","Bicameral","Upper chamber"
"BO","Bolivia (Plurinational State of)","Chamber of Senators","","0.0","","1960-01-01","1978-12-31","","Bicameral","Upper chamber"
"BA","Bosnia and Herzegovina","House of Peoples","","No information available","","-","-","","Bicameral","Upper chamber"
"BR","Brazil","Federal Senate","","0.0","","1962-01-01","1977-12-31","","Bicameral","Upper chamber"
"BI","Burundi","Senate","","0.0","","1965-01-01","2005-06-30","","Bicameral","Upper chamber"
"KH","Cambodia","Senate","","0.0","","1972-01-01","1998-12-31","","Bicameral","Upper chamber"
"CM","Cameroon","Senate","","No information available","","-","-","","Bicameral","Upper chamber"
"CA","Canada","Senate","","6.6","","1975-01-01","1975-12-31","","Bicameral","Upper chamber"
"TD","Chad","Senate","","No information available","","-","-","","Unicameral","-"
"CL","Chile","Senate","","4.0","","1969-01-01","1989-12-31","","Bicameral","Upper chamber"
"CO","Colombia","Senate","","0.9","","1974-01-01","1981-12-31","","Bicameral","Upper chamber"
"CG","Congo","Senate","","No information available","","-","-","","Bicameral","Upper chamber"
"CI","Côte d'Ivoire","Senate","","No information available","","-","-","","Bicameral","Upper chamber"
"CZ","Czechia","Senate","","No information available","","-","-","","Bicameral","Upper chamber"
"CD","Democratic Republic of the Congo","Senate","","0.0","","1960-01-01","1996-12-31","","Bicameral","Upper chamber"
"DO","Dominican Republic","Senate","","11.1","","1974-01-01","1977-12-31","","Bicameral","Upper chamber"
"EG","Egypt","Senate","","No information available","","-","-","","Unicameral","-"
"GQ","Equatorial Guinea","Senate","","No information available","","-","-","","Bicameral","Upper chamber"
"SZ","Eswatini","Senate","","5.0","","1972-04-01","1983-09-30","","Bicameral","Upper chamber"
"ET","Ethiopia","House of the Federation","","0.0","","1973-07-01","1995-05-31","","Bicameral","Upper chamber"
"FR","France","Senate","","2.5","","1974-01-01","1976-12-31","","Bicameral","Upper chamber"
"GA","Gabon","Transitional Senate","","No information available","","-","-","","Bicameral","Upper chamber"
"DE","Germany","Federal Council","","No information available","","-","-","","Bicameral","Upper chamber"
"GD","Grenada","Senate","","7.7","","1972-01-01","1989-12-31","","Bicameral","Upper chamber"
"HT","Haiti","Senate","","0.0","","1946-01-01","1987-12-31","","Bicameral","Upper chamber"
"IN","India","Council of States","","7.0","","1974-01-01","1975-12-31","","Bicameral","Upper chamber"
"IE","Ireland","Senate","","6.7","","1973-02-01","1977-07-31","","Bicameral","Upper chamber"
"IT","Italy","Senate","","1.9","","1972-01-01","1975-12-31","","Bicameral","Upper chamber"
"JM","Jamaica","Senate","","14.3","","1972-01-01","1979-12-31","","Bicameral","Upper chamber"
"JP","Japan","House of Councillors","","7.1","","1974-01-01","1976-12-31","","Bicameral","Upper chamber"
"JO","Jordan","Senate","","0.0","","1967-01-01","1988-12-31","","Bicameral","Upper chamber"
"KZ","Kazakhstan","Senate","","No information available","","-","-","","Bicameral","Upper chamber"
"KE","Kenya","Senate","","No information available","","-","-","","Bicameral","Upper chamber"
"LS","Lesotho","Senate","","9.1","","1965-01-01","1993-02-28","","Bicameral","Upper chamber"
"LR","Liberia","The Liberian Senate","","No information available","","-","-","","Bicameral","Upper chamber"
"MG","Madagascar","Senate","","7.8","","1970-09-01","2001-02-28","","Bicameral","Upper chamber"
"MY","Malaysia","Senate","","3.7","","1972-01-01","1975-12-31","","Bicameral","Upper chamber"
"MR","Mauritania","Senate","","No information available","","-","-","","Unicameral","-"
"MX","Mexico","Senate","","3.3","","1964-07-01","1975-12-31","","Bicameral","Upper chamber"
"MA","Morocco","House of Councillors","","No information available","","-","-","","Bicameral","Upper chamber"
"MM","Myanmar","House of Nationalities","","No information available","","-","-","","Bicameral","Upper chamber"
"NA","Namibia","National Council","","No information available","","-","-","","Bicameral","Upper chamber"
"NP","Nepal","National Assembly","","2.8","","1959-01-01","1990-12-31","","Bicameral","Upper chamber"
"NL","Netherlands","Senate","","4.0","","1971-01-01","1976-12-31","","Bicameral","Upper chamber"
"NG","Nigeria","Senate","","No information available","","-","-","","Bicameral","Upper chamber"
"OM","Oman","State Council","","No information available","","-","-","","Bicameral","Upper chamber"
"PK","Pakistan","Senate","","2.2","","1973-01-01","1976-12-31","","Bicameral","Upper chamber"
"PW","Palau","Senate","","No information available","","-","-","","Bicameral","Upper chamber"
"PY","Paraguay","Senate","","3.3","","1968-01-01","1987-12-31","","Bicameral","Upper chamber"
"PH","Philippines","Senate","","12.5","","1971-01-01","1986-12-31","","Bicameral","Upper chamber"
"PL","Poland","Senate","","No information available","","-","-","","Bicameral","Upper chamber"
"RO","Romania","Senate","","No information available","","-","-","","Bicameral","Upper chamber"
"RU","Russian Federation","Council of the Federation","","No information available","","-","-","","Bicameral","Upper chamber"
"RW","Rwanda","Senate","","No information available","","-","-","","Bicameral","Upper chamber"
"LC","Saint Lucia","Senate","","No information available","","-","-","","Bicameral","Upper chamber"
"SI","Slovenia","National Council","","No information available","","-","-","","Bicameral","Upper chamber"
"SO","Somalia","Upper House","","No information available","","-","-","","Bicameral","Upper chamber"
"ZA","South Africa","National Council of Provinces","","3.6","","1974-05-01","1994-03-31","","Bicameral","Upper chamber"
"SS","South Sudan","Council of States","","No information available","","-","-","","Bicameral","Upper chamber"
"ES","Spain","Senate","","No information available","","-","-","","Bicameral","Upper chamber"
"SD","Sudan","Council of States","","No information available","","-","-","","Bicameral","Upper chamber"
"CH","Switzerland","Council of States","","0.0","","1975-01-01","1978-12-31","","Bicameral","Upper chamber"
"TJ","Tajikistan","National Assembly","","No information available","","-","-","","Bicameral","Upper chamber"
"TH","Thailand","Senate","","No information available","","-","-","","Unicameral","-"
"TG","Togo","Senate","","No information available","","-","-","","Unicameral","-"
"TT","Trinidad and Tobago","Senate","","12.5","","1971-01-01","1975-12-31","","Bicameral","Upper chamber"
"TN","Tunisia","National Council of Regions and Districts","","No information available","","-","-","","Unicameral","-"
"TM","Turkmenistan","People’s Council","","No information available","","-","-","","Unicameral","-"
"GB","United Kingdom","House of Lords","","No information available","","-","-","","Bicameral","Upper chamber"
"US","United States of America","Senate","","0.0","","1974-11-01","1978-10-31","","Bicameral","Upper chamber"
"UY","Uruguay","Senate","","0.0","","1946-11-01","1989-10-31","","Bicameral","Upper chamber"
"UZ","Uzbekistan","Senate","","No information available","","-","-","","Bicameral","Upper chamber"
"YE","Yemen","Shura Council","","No information available","","-","-","","Bicameral","Upper chamber"
"ZW","Zimbabwe","Senate","","No information available","","-","-","","Bicameral","Upper chamber"
