﻿"Compare field name","Percentage of women","","","","","","","","",""
"Description","Calculated by dividing the current number of women by the current number of members.","","","","","","","","",""
"Reference period","2010","","","","","","","","",""
"Field Id","current_women_percent","","","","","","","","",""
"Data dictionary","https://data.ipu.org/data-dictionary/current_women_percent","","","","","","","","",""
"Structure","Only upper chambers","","","","","","","","",""
"Region","Any","","","","","","","","",""
"Publisher","Inter-Parliamentary Union","","","","","","","","",""
"Copyright and attribution","Inter-Parliamentary Union. Terms of use: https://www.ipu.org/terms-use","","","","","","","","",""
"Licence","This work is licensed under Creative Commons Attribution-NonCommercial-ShareAlike 4.0 International 

https://creativecommons.org/licenses/by-nc-sa/4.0/ ","","","","","","","","",""
"Website","https://data.ipu.org/compare/?chart=map&field=current_women_percent&file_format=csv&region=0&show_notes&structure=any__upper_chamber&year_to=2010","","","","","","","","",""
"URL","https://data.ipu.org/export-country-compare?chart=map&field=current_women_percent&file_format=csv&language=en&region=0&show_notes&structure=any__upper_chamber&year_to=2010","","","","","","","","",""
"API URL","http://api.data.ipu.org/v1/chambers?page[size]=1000000&page[number]=1&fields=current_women_percent%2Ccountry_code%2Cparliament%2Cparliament_country&filter=struct_parl_status.term%3Aeq%3Aupper_chamber","","","","","","","","",""
"Date accessed","2025-08-08 11:08:21","","","","","","","","",""
"
"
"ISO Code","Country","Chamber","Status","Percentage of women","Year","date_from","date_to","Notes","Structure","Chamber type"
"AF","Afghanistan","House of Elders","","27.5","","2010-02-01","2014-12-31","","Bicameral","Upper chamber"
"DZ","Algeria","Council of the Nation","","5.1","","2009-12-01","2011-12-31","","Bicameral","Upper chamber"
"AG","Antigua and Barbuda","Senate","","29.4","","2009-04-01","2014-05-31","","Bicameral","Upper chamber"
"AR","Argentina","Senate","","35.2","","2009-12-01","2011-09-30","","Bicameral","Upper chamber"
"AU","Australia","Senate","","38.2","","2010-08-01","2013-08-31","","Bicameral","Upper chamber"
"AT","Austria","Federal Council","","29.0","","2010-01-01","2014-11-30","","Bicameral","Upper chamber"
"BS","Bahamas","Senate","","60.0","","2010-01-01","2012-04-30","","Bicameral","Upper chamber"
"BH","Bahrain","Shura Council","","27.5","","2010-11-01","2014-11-30","","Bicameral","Upper chamber"
"BB","Barbados","Senate","","19.0","","2010-01-01","2013-02-28","","Bicameral","Upper chamber"
"BY","Belarus","Council of the Republic","","33.9","","2008-01-01","2012-07-31","","Bicameral","Upper chamber"
"BE","Belgium","Senate","","38.0","","2010-06-01","2013-12-31","","Bicameral","Upper chamber"
"BZ","Belize","Senate","","38.5","","2008-06-01","2016-11-30","","Bicameral","Upper chamber"
"BT","Bhutan","National Council","","24.0","","2008-01-01","2013-03-31","","Bicameral","Upper chamber"
"BO","Bolivia (Plurinational State of)","Chamber of Senators","","47.2","","2010-01-01","2012-12-31","","Bicameral","Upper chamber"
"BA","Bosnia and Herzegovina","House of Peoples","","13.3","","2007-03-01","2019-01-31","","Bicameral","Upper chamber"
"BR","Brazil","Federal Senate","","16.0","","2010-01-01","2014-09-30","","Bicameral","Upper chamber"
"BI","Burundi","Senate","","46.3","","2010-07-01","2015-06-30","","Bicameral","Upper chamber"
"KH","Cambodia","Senate","","14.8","","2008-01-01","2012-02-29","","Bicameral","Upper chamber"
"CM","Cameroon","Senate","","No information available","","-","-","","Bicameral","Upper chamber"
"CA","Canada","Senate","","35.0","","2008-01-01","2011-05-31","","Bicameral","Upper chamber"
"TD","Chad","Senate","","No information available","","-","-","","Unicameral","-"
"CL","Chile","Senate","","13.2","","2009-12-01","2012-12-31","","Bicameral","Upper chamber"
"CO","Colombia","Senate","","15.7","","2010-03-01","2010-12-31","","Bicameral","Upper chamber"
"CG","Congo","Senate","","12.9","","2008-08-01","2011-09-30","","Bicameral","Upper chamber"
"CI","Côte d'Ivoire","Senate","","No information available","","-","-","","Bicameral","Upper chamber"
"CZ","Czechia","Senate","","18.5","","2010-10-01","2011-12-31","","Bicameral","Upper chamber"
"CD","Democratic Republic of the Congo","Senate","","4.6","","2007-05-01","2013-12-31","","Bicameral","Upper chamber"
"DO","Dominican Republic","Senate","","9.4","","2010-05-01","2020-06-30","","Bicameral","Upper chamber"
"EG","Egypt","Senate","","No information available","","-","-","","Unicameral","-"
"GQ","Equatorial Guinea","Senate","","No information available","","-","-","","Bicameral","Upper chamber"
"SZ","Eswatini","Senate","","40.0","","2008-10-01","2013-09-30","","Bicameral","Upper chamber"
"ET","Ethiopia","House of the Federation","","16.3","","2010-05-01","2015-09-30","","Bicameral","Upper chamber"
"FR","France","Senate","","21.9","","2008-09-01","2011-08-31","","Bicameral","Upper chamber"
"GA","Gabon","Transitional Senate","","17.6","","2010-01-01","2010-12-31","","Bicameral","Upper chamber"
"DE","Germany","Federal Council","","27.5","","2009-01-01","2014-11-30","","Bicameral","Upper chamber"
"GD","Grenada","Senate","","30.8","","2003-11-01","2013-02-28","","Bicameral","Upper chamber"
"HT","Haiti","Senate","","3.3","","2010-11-01","2013-12-31","","Bicameral","Upper chamber"
"IN","India","Council of States","","10.3","","2010-01-01","2011-12-31","","Bicameral","Upper chamber"
"IE","Ireland","Senate","","20.0","","2007-07-01","2011-01-31","","Bicameral","Upper chamber"
"IT","Italy","Senate","","18.0","","2008-04-01","2012-12-31","","Bicameral","Upper chamber"
"JM","Jamaica","Senate","","9.5","","2007-09-01","2011-12-31","","Bicameral","Upper chamber"
"JP","Japan","House of Councillors","","18.2","","2010-07-01","2013-06-30","","Bicameral","Upper chamber"
"JO","Jordan","Senate","","15.0","","2010-11-01","2011-09-30","","Bicameral","Upper chamber"
"KZ","Kazakhstan","Senate","","6.5","","2009-01-01","2011-07-31","","Bicameral","Upper chamber"
"KE","Kenya","Senate","","No information available","","-","-","","Bicameral","Upper chamber"
"LS","Lesotho","Senate","","30.3","","2010-01-01","2012-05-31","","Bicameral","Upper chamber"
"LR","Liberia","The Liberian Senate","","16.7","","2005-10-01","2011-09-30","","Bicameral","Upper chamber"
"MG","Madagascar","Senate","","11.1","","2010-10-01","2011-12-31","","Bicameral","Upper chamber"
"MY","Malaysia","Senate","","24.3","","2010-01-01","2012-12-31","","Bicameral","Upper chamber"
"MR","Mauritania","Senate","","No information available","","-","-","","Unicameral","-"
"MX","Mexico","Senate","","17.2","","2010-01-01","2011-12-31","","Bicameral","Upper chamber"
"MA","Morocco","House of Councillors","","2.2","","2009-10-01","2015-09-30","","Bicameral","Upper chamber"
"MM","Myanmar","House of Nationalities","","3.6","","2010-11-01","2010-12-31","","Bicameral","Upper chamber"
"NA","Namibia","National Council","","26.9","","2004-11-01","2014-11-30","","Bicameral","Upper chamber"
"NP","Nepal","National Assembly","Suspended","8.3","","2001-06-01","2017-05-31","","Bicameral","Upper chamber"
"NL","Netherlands","Senate","","34.7","","2007-05-01","2011-04-30","","Bicameral","Upper chamber"
"NG","Nigeria","Senate","","8.3","","2008-01-01","2011-03-31","","Bicameral","Upper chamber"
"OM","Oman","State Council","","20.0","","2010-01-01","2011-09-30","","Bicameral","Upper chamber"
"PK","Pakistan","Senate","","18.0","","2009-03-01","2012-02-29","","Bicameral","Upper chamber"
"PW","Palau","Senate","","15.4","","2008-11-01","2012-10-31","","Bicameral","Upper chamber"
"PY","Paraguay","Senate","","15.6","","2008-04-01","2013-03-31","","Bicameral","Upper chamber"
"PH","Philippines","Senate","","13.0","","2010-05-01","2013-04-30","","Bicameral","Upper chamber"
"PL","Poland","Senate","","8.0","","2007-10-01","2011-09-30","","Bicameral","Upper chamber"
"RO","Romania","Senate","","5.8","","2008-11-01","2011-12-31","","Bicameral","Upper chamber"
"RU","Russian Federation","Council of the Federation","","4.7","","2007-12-01","2011-12-31","","Bicameral","Upper chamber"
"RW","Rwanda","Senate","","23.1","","2005-01-01","2011-08-31","","Bicameral","Upper chamber"
"LC","Saint Lucia","Senate","","18.2","","2007-01-01","2012-12-31","","Bicameral","Upper chamber"
"SI","Slovenia","National Council","","2.5","","2007-11-01","2011-12-31","","Bicameral","Upper chamber"
"SO","Somalia","Upper House","","No information available","","-","-","","Bicameral","Upper chamber"
"ZA","South Africa","National Council of Provinces","","18.9","","2010-01-01","2013-12-31","","Bicameral","Upper chamber"
"SS","South Sudan","Council of States","","No information available","","-","-","","Bicameral","Upper chamber"
"ES","Spain","Senate","","30.0","","2010-01-01","2011-10-31","","Bicameral","Upper chamber"
"SD","Sudan","Council of States","","10.9","","2010-05-01","2013-12-31","","Bicameral","Upper chamber"
"CH","Switzerland","Council of States","","21.7","","2008-01-01","2012-12-31","","Bicameral","Upper chamber"
"TJ","Tajikistan","National Assembly","","14.7","","2010-03-01","2013-12-31","","Bicameral","Upper chamber"
"TH","Thailand","Senate","","No information available","","-","-","","Unicameral","-"
"TG","Togo","Senate","","No information available","","-","-","","Unicameral","-"
"TT","Trinidad and Tobago","Senate","","25.8","","2010-06-01","2012-12-31","","Bicameral","Upper chamber"
"TN","Tunisia","National Council of Regions and Districts","","No information available","","-","-","","Unicameral","-"
"TM","Turkmenistan","People’s Council","","No information available","","-","-","","Unicameral","-"
"GB","United Kingdom","House of Lords","","22.6","","2010-01-01","2013-12-31","","Bicameral","Upper chamber"
"US","United States of America","Senate","","17.0","","2010-11-01","2011-12-31","","Bicameral","Upper chamber"
"UY","Uruguay","Senate","","13.3","","2009-10-01","2012-12-31","","Bicameral","Upper chamber"
"UZ","Uzbekistan","Senate","","15.0","","2005-01-01","2014-11-30","","Bicameral","Upper chamber"
"YE","Yemen","Shura Council","","1.8","","2001-04-01","2018-11-30","","Bicameral","Upper chamber"
"ZW","Zimbabwe","Senate","","24.7","","2010-01-01","2013-06-30","","Bicameral","Upper chamber"
